;W1;;;;;;N1.1;;;;;;N1.2;;;;;;N2;;;;;;"W2 + W3";;;;;;W4;;;;;;W5;;;;;;P11;;;;;;P1;;;;;;N3.2;;;;;;N3.1;;;;;;P2;;;;;;P10;;;;;;P3;;;;;;"N4 + N6";;;;;;S2;;;;;;S3;;;;;;P9;;;;;;"P7 + P8";;;;;;N5;;;;;;P4.2;;;;;;P4.1;;;;;;S4;;;;;;S5;;;;;;S6;;;;;;P6;;;;;;E3;;;;;;S7;;;;;;E1;;;;;;E2;;;;;;P5;;;;;;S1;;;;;;;;;;;;;;
Datum;"Irr [kWh/qm] (all or east)";"Irr [kWh/qm] (west)";"Irr PPC [kWh/qm] (all or east)";"Irr PPC [kWh/qm] (west)";"gewichtete TheoPower mit TempCorr [kWh]";"gewichtete TheoPower mit TempCorr PPC [kWh]";"Irr [kWh/qm] (all or east)";"Irr [kWh/qm] (west)";"Irr PPC [kWh/qm] (all or east)";"Irr PPC [kWh/qm] (west)";"gewichtete TheoPower mit TempCorr [kWh]";"gewichtete TheoPower mit TempCorr PPC [kWh]";"Irr [kWh/qm] (all or east)";"Irr [kWh/qm] (west)";"Irr PPC [kWh/qm] (all or east)";"Irr PPC [kWh/qm] (west)";"gewichtete TheoPower mit TempCorr [kWh]";"gewichtete TheoPower mit TempCorr PPC [kWh]";"Irr [kWh/qm] (all or east)";"Irr [kWh/qm] (west)";"Irr PPC [kWh/qm] (all or east)";"Irr PPC [kWh/qm] (west)";"gewichtete TheoPower mit TempCorr [kWh]";"gewichtete TheoPower mit TempCorr PPC [kWh]";"Irr [kWh/qm] (all or east)";"Irr [kWh/qm] (west)";"Irr PPC [kWh/qm] (all or east)";"Irr PPC [kWh/qm] (west)";"gewichtete TheoPower mit TempCorr [kWh]";"gewichtete TheoPower mit TempCorr PPC [kWh]";"Irr [kWh/qm] (all or east)";"Irr [kWh/qm] (west)";"Irr PPC [kWh/qm] (all or east)";"Irr PPC [kWh/qm] (west)";"gewichtete TheoPower mit TempCorr [kWh]";"gewichtete TheoPower mit TempCorr PPC [kWh]";"Irr [kWh/qm] (all or east)";"Irr [kWh/qm] (west)";"Irr PPC [kWh/qm] (all or east)";"Irr PPC [kWh/qm] (west)";"gewichtete TheoPower mit TempCorr [kWh]";"gewichtete TheoPower mit TempCorr PPC [kWh]";"Irr [kWh/qm] (all or east)";"Irr [kWh/qm] (west)";"Irr PPC [kWh/qm] (all or east)";"Irr PPC [kWh/qm] (west)";"gewichtete TheoPower mit TempCorr [kWh]";"gewichtete TheoPower mit TempCorr PPC [kWh]";"Irr [kWh/qm] (all or east)";"Irr [kWh/qm] (west)";"Irr PPC [kWh/qm] (all or east)";"Irr PPC [kWh/qm] (west)";"gewichtete TheoPower mit TempCorr [kWh]";"gewichtete TheoPower mit TempCorr PPC [kWh]";"Irr [kWh/qm] (all or east)";"Irr [kWh/qm] (west)";"Irr PPC [kWh/qm] (all or east)";"Irr PPC [kWh/qm] (west)";"gewichtete TheoPower mit TempCorr [kWh]";"gewichtete TheoPower mit TempCorr PPC [kWh]";"Irr [kWh/qm] (all or east)";"Irr [kWh/qm] (west)";"Irr PPC [kWh/qm] (all or east)";"Irr PPC [kWh/qm] (west)";"gewichtete TheoPower mit TempCorr [kWh]";"gewichtete TheoPower mit TempCorr PPC [kWh]";"Irr [kWh/qm] (all or east)";"Irr [kWh/qm] (west)";"Irr PPC [kWh/qm] (all or east)";"Irr PPC [kWh/qm] (west)";"gewichtete TheoPower mit TempCorr [kWh]";"gewichtete TheoPower mit TempCorr PPC [kWh]";"Irr [kWh/qm] (all or east)";"Irr [kWh/qm] (west)";"Irr PPC [kWh/qm] (all or east)";"Irr PPC [kWh/qm] (west)";"gewichtete TheoPower mit TempCorr [kWh]";"gewichtete TheoPower mit TempCorr PPC [kWh]";"Irr [kWh/qm] (all or east)";"Irr [kWh/qm] (west)";"Irr PPC [kWh/qm] (all or east)";"Irr PPC [kWh/qm] (west)";"gewichtete TheoPower mit TempCorr [kWh]";"gewichtete TheoPower mit TempCorr PPC [kWh]";"Irr [kWh/qm] (all or east)";"Irr [kWh/qm] (west)";"Irr PPC [kWh/qm] (all or east)";"Irr PPC [kWh/qm] (west)";"gewichtete TheoPower mit TempCorr [kWh]";"gewichtete TheoPower mit TempCorr PPC [kWh]";"Irr [kWh/qm] (all or east)";"Irr [kWh/qm] (west)";"Irr PPC [kWh/qm] (all or east)";"Irr PPC [kWh/qm] (west)";"gewichtete TheoPower mit TempCorr [kWh]";"gewichtete TheoPower mit TempCorr PPC [kWh]";"Irr [kWh/qm] (all or east)";"Irr [kWh/qm] (west)";"Irr PPC [kWh/qm] (all or east)";"Irr PPC [kWh/qm] (west)";"gewichtete TheoPower mit TempCorr [kWh]";"gewichtete TheoPower mit TempCorr PPC [kWh]";"Irr [kWh/qm] (all or east)";"Irr [kWh/qm] (west)";"Irr PPC [kWh/qm] (all or east)";"Irr PPC [kWh/qm] (west)";"gewichtete TheoPower mit TempCorr [kWh]";"gewichtete TheoPower mit TempCorr PPC [kWh]";"Irr [kWh/qm] (all or east)";"Irr [kWh/qm] (west)";"Irr PPC [kWh/qm] (all or east)";"Irr PPC [kWh/qm] (west)";"gewichtete TheoPower mit TempCorr [kWh]";"gewichtete TheoPower mit TempCorr PPC [kWh]";"Irr [kWh/qm] (all or east)";"Irr [kWh/qm] (west)";"Irr PPC [kWh/qm] (all or east)";"Irr PPC [kWh/qm] (west)";"gewichtete TheoPower mit TempCorr [kWh]";"gewichtete TheoPower mit TempCorr PPC [kWh]";"Irr [kWh/qm] (all or east)";"Irr [kWh/qm] (west)";"Irr PPC [kWh/qm] (all or east)";"Irr PPC [kWh/qm] (west)";"gewichtete TheoPower mit TempCorr [kWh]";"gewichtete TheoPower mit TempCorr PPC [kWh]";"Irr [kWh/qm] (all or east)";"Irr [kWh/qm] (west)";"Irr PPC [kWh/qm] (all or east)";"Irr PPC [kWh/qm] (west)";"gewichtete TheoPower mit TempCorr [kWh]";"gewichtete TheoPower mit TempCorr PPC [kWh]";"Irr [kWh/qm] (all or east)";"Irr [kWh/qm] (west)";"Irr PPC [kWh/qm] (all or east)";"Irr PPC [kWh/qm] (west)";"gewichtete TheoPower mit TempCorr [kWh]";"gewichtete TheoPower mit TempCorr PPC [kWh]";"Irr [kWh/qm] (all or east)";"Irr [kWh/qm] (west)";"Irr PPC [kWh/qm] (all or east)";"Irr PPC [kWh/qm] (west)";"gewichtete TheoPower mit TempCorr [kWh]";"gewichtete TheoPower mit TempCorr PPC [kWh]";"Irr [kWh/qm] (all or east)";"Irr [kWh/qm] (west)";"Irr PPC [kWh/qm] (all or east)";"Irr PPC [kWh/qm] (west)";"gewichtete TheoPower mit TempCorr [kWh]";"gewichtete TheoPower mit TempCorr PPC [kWh]";"Irr [kWh/qm] (all or east)";"Irr [kWh/qm] (west)";"Irr PPC [kWh/qm] (all or east)";"Irr PPC [kWh/qm] (west)";"gewichtete TheoPower mit TempCorr [kWh]";"gewichtete TheoPower mit TempCorr PPC [kWh]";"Irr [kWh/qm] (all or east)";"Irr [kWh/qm] (west)";"Irr PPC [kWh/qm] (all or east)";"Irr PPC [kWh/qm] (west)";"gewichtete TheoPower mit TempCorr [kWh]";"gewichtete TheoPower mit TempCorr PPC [kWh]";"Irr [kWh/qm] (all or east)";"Irr [kWh/qm] (west)";"Irr PPC [kWh/qm] (all or east)";"Irr PPC [kWh/qm] (west)";"gewichtete TheoPower mit TempCorr [kWh]";"gewichtete TheoPower mit TempCorr PPC [kWh]";"Irr [kWh/qm] (all or east)";"Irr [kWh/qm] (west)";"Irr PPC [kWh/qm] (all or east)";"Irr PPC [kWh/qm] (west)";"gewichtete TheoPower mit TempCorr [kWh]";"gewichtete TheoPower mit TempCorr PPC [kWh]";"Irr [kWh/qm] (all or east)";"Irr [kWh/qm] (west)";"Irr PPC [kWh/qm] (all or east)";"Irr PPC [kWh/qm] (west)";"gewichtete TheoPower mit TempCorr [kWh]";"gewichtete TheoPower mit TempCorr PPC [kWh]";"Irr [kWh/qm] (all or east)";"Irr [kWh/qm] (west)";"Irr PPC [kWh/qm] (all or east)";"Irr PPC [kWh/qm] (west)";"gewichtete TheoPower mit TempCorr [kWh]";"gewichtete TheoPower mit TempCorr PPC [kWh]";"Irr [kWh/qm] (all or east)";"Irr [kWh/qm] (west)";"Irr PPC [kWh/qm] (all or east)";"Irr PPC [kWh/qm] (west)";"gewichtete TheoPower mit TempCorr [kWh]";"gewichtete TheoPower mit TempCorr PPC [kWh]";"Mittelwert Luft Temp [Â°C]";"gewichtete Strahlung [kWh/qm]";"gewichtete Strahlung PPC [kWh/qm]";"gewichtete TheoPower mit TempCorr [kWh]";"gewichtete TheoPower mit TempCorr PPC [kWh]";"eGrid [kWh]";"eGrid PPC [kWh]";"Janitza [kWh]";"Janitza PPC [kWh]"
"2023-01-01 00:15";0;0;0;0;0;0;0;0;0;0;0;0;0;0;0;0;0;0;0;0;0;0;0;0;0;0;0;0;0;0;0;0;0;0;0;0;0;0;0;0;0;0;0;0;0;0;0;0;0;0;0;0;0;0;0;0;0;0;0;0;0;0;0;0;0;0;0;0;0;0;0;0;0;0;0;0;0;0;0;0;0;0;0;0;0;0;0;0;0;0;0;0;0;0;0;0;0;0;0;0;0;0;0;0;0;0;0;0;0;0;0;0;0;0;0;0;0;0;0;0;0;0;0;0;0;0;0;0;0;0;0;0;0;0;0;0;0;0;0;0;0;0;0;0;0;0;0;0;0;0;0;0;0;0;0;0;0;0;0;0;0;0;0;0;0;0;0;0;0;0;0;0;0;0;0;0;0;0;0;0;0;0;0;0;0;0;0;0;0;0;0;0;15.85;0;0;0;0;0;0;0;
"2023-01-01 00:30";0;0;0;0;0;0;0;0;0;0;0;0;0;0;0;0;0;0;0;0;0;0;0;0;0;0;0;0;0;0;0;0;0;0;0;0;0;0;0;0;0;0;0;0;0;0;0;0;0;0;0;0;0;0;0;0;0;0;0;0;0;0;0;0;0;0;0;0;0;0;0;0;0;0;0;0;0;0;0;0;0;0;0;0;0;0;0;0;0;0;0;0;0;0;0;0;0;0;0;0;0;0;0;0;0;0;0;0;0;0;0;0;0;0;0;0;0;0;0;0;0;0;0;0;0;0;0;0;0;0;0;0;0;0;0;0;0;0;0;0;0;0;0;0;0;0;0;0;0;0;0;0;0;0;0;0;0;0;0;0;0;0;0;0;0;0;0;0;0;0;0;0;0;0;0;0;0;0;0;0;0;0;0;0;0;0;0;0;0;0;0;0;15.7833;0;0;0;0;0;0;0;
"2023-01-01 00:45";0;0;0;0;0;0;0;0;0;0;0;0;0;0;0;0;0;0;0;0;0;0;0;0;0;0;0;0;0;0;0;0;0;0;0;0;0;0;0;0;0;0;0;0;0;0;0;0;0;0;0;0;0;0;0;0;0;0;0;0;0;0;0;0;0;0;0;0;0;0;0;0;0;0;0;0;0;0;0;0;0;0;0;0;0;0;0;0;0;0;0;0;0;0;0;0;0;0;0;0;0;0;0;0;0;0;0;0;0;0;0;0;0;0;0;0;0;0;0;0;0;0;0;0;0;0;0;0;0;0;0;0;0;0;0;0;0;0;0;0;0;0;0;0;0;0;0;0;0;0;0;0;0;0;0;0;0;0;0;0;0;0;0;0;0;0;0;0;0;0;0;0;0;0;0;0;0;0;0;0;0;0;0;0;0;0;0;0;0;0;0;0;15.7333;0;0;0;0;0;0;0;
"2023-01-01 01:00";0;0;0;0;0;0;0;0;0;0;0;0;0;0;0;0;0;0;0;0;0;0;0;0;0;0;0;0;0;0;0;0;0;0;0;0;0;0;0;0;0;0;0;0;0;0;0;0;0;0;0;0;0;0;0;0;0;0;0;0;0;0;0;0;0;0;0;0;0;0;0;0;0;0;0;0;0;0;0;0;0;0;0;0;0;0;0;0;0;0;0;0;0;0;0;0;0;0;0;0;0;0;0;0;0;0;0;0;0;0;0;0;0;0;0;0;0;0;0;0;0;0;0;0;0;0;0;0;0;0;0;0;0;0;0;0;0;0;0;0;0;0;0;0;0;0;0;0;0;0;0;0;0;0;0;0;0;0;0;0;0;0;0;0;0;0;0;0;0;0;0;0;0;0;0;0;0;0;0;0;0;0;0;0;0;0;0;0;0;0;0;0;15.7333;0;0;0;0;0;0;0;
"2023-01-01 01:15";0;0;0;0;0;0;0;0;0;0;0;0;0;0;0;0;0;0;0;0;0;0;0;0;0;0;0;0;0;0;0;0;0;0;0;0;0;0;0;0;0;0;0;0;0;0;0;0;0;0;0;0;0;0;0;0;0;0;0;0;0;0;0;0;0;0;0;0;0;0;0;0;0;0;0;0;0;0;0;0;0;0;0;0;0;0;0;0;0;0;0;0;0;0;0;0;0;0;0;0;0;0;0;0;0;0;0;0;0;0;0;0;0;0;0;0;0;0;0;0;0;0;0;0;0;0;0;0;0;0;0;0;0;0;0;0;0;0;0;0;0;0;0;0;0;0;0;0;0;0;0;0;0;0;0;0;0;0;0;0;0;0;0;0;0;0;0;0;0;0;0;0;0;0;0;0;0;0;0;0;0;0;0;0;0;0;0;0;0;0;0;0;15.4833;0;0;0;0;0;0;0;
"2023-01-01 01:30";0;0;0;0;0;0;0;0;0;0;0;0;0;0;0;0;0;0;0;0;0;0;0;0;0;0;0;0;0;0;0;0;0;0;0;0;0;0;0;0;0;0;0;0;0;0;0;0;0;0;0;0;0;0;0;0;0;0;0;0;0;0;0;0;0;0;0;0;0;0;0;0;0;0;0;0;0;0;0;0;0;0;0;0;0;0;0;0;0;0;0;0;0;0;0;0;0;0;0;0;0;0;0;0;0;0;0;0;0;0;0;0;0;0;0;0;0;0;0;0;0;0;0;0;0;0;0;0;0;0;0;0;0;0;0;0;0;0;0;0;0;0;0;0;0;0;0;0;0;0;0;0;0;0;0;0;0;0;0;0;0;0;0;0;0;0;0;0;0;0;0;0;0;0;0;0;0;0;0;0;0;0;0;0;0;0;0;0;0;0;0;0;15.3333;0;0;0;0;0;0;0;
"2023-01-01 01:45";0;0;0;0;0;0;0;0;0;0;0;0;0;0;0;0;0;0;0;0;0;0;0;0;0;0;0;0;0;0;0;0;0;0;0;0;0;0;0;0;0;0;0;0;0;0;0;0;0;0;0;0;0;0;0;0;0;0;0;0;0;0;0;0;0;0;0;0;0;0;0;0;0;0;0;0;0;0;0;0;0;0;0;0;0;0;0;0;0;0;0;0;0;0;0;0;0;0;0;0;0;0;0;0;0;0;0;0;0;0;0;0;0;0;0;0;0;0;0;0;0;0;0;0;0;0;0;0;0;0;0;0;0;0;0;0;0;0;0;0;0;0;0;0;0;0;0;0;0;0;0;0;0;0;0;0;0;0;0;0;0;0;0;0;0;0;0;0;0;0;0;0;0;0;0;0;0;0;0;0;0;0;0;0;0;0;0;0;0;0;0;0;15.3167;0;0;0;0;0;0;0;
"2023-01-01 02:00";0;0;0;0;0;0;0;0;0;0;0;0;0;0;0;0;0;0;0;0;0;0;0;0;0;0;0;0;0;0;0;0;0;0;0;0;0;0;0;0;0;0;0;0;0;0;0;0;0;0;0;0;0;0;0;0;0;0;0;0;0;0;0;0;0;0;0;0;0;0;0;0;0;0;0;0;0;0;0;0;0;0;0;0;0;0;0;0;0;0;0;0;0;0;0;0;0;0;0;0;0;0;0;0;0;0;0;0;0;0;0;0;0;0;0;0;0;0;0;0;0;0;0;0;0;0;0;0;0;0;0;0;0;0;0;0;0;0;0;0;0;0;0;0;0;0;0;0;0;0;0;0;0;0;0;0;0;0;0;0;0;0;0;0;0;0;0;0;0;0;0;0;0;0;0;0;0;0;0;0;0;0;0;0;0;0;0;0;0;0;0;0;15.2;0;0;0;0;0;0;0;
"2023-01-01 02:15";0;0;0;0;0;0;0;0;0;0;0;0;0;0;0;0;0;0;0;0;0;0;0;0;0;0;0;0;0;0;0;0;0;0;0;0;0;0;0;0;0;0;0;0;0;0;0;0;0;0;0;0;0;0;0;0;0;0;0;0;0;0;0;0;0;0;0;0;0;0;0;0;0;0;0;0;0;0;0;0;0;0;0;0;0;0;0;0;0;0;0;0;0;0;0;0;0;0;0;0;0;0;0;0;0;0;0;0;0;0;0;0;0;0;0;0;0;0;0;0;0;0;0;0;0;0;0;0;0;0;0;0;0;0;0;0;0;0;0;0;0;0;0;0;0;0;0;0;0;0;0;0;0;0;0;0;0;0;0;0;0;0;0;0;0;0;0;0;0;0;0;0;0;0;0;0;0;0;0;0;0;0;0;0;0;0;0;0;0;0;0;0;15.2;0;0;0;0;0;0;0;
"2023-01-01 02:30";0;0;0;0;0;0;0;0;0;0;0;0;0;0;0;0;0;0;0;0;0;0;0;0;0;0;0;0;0;0;0;0;0;0;0;0;0;0;0;0;0;0;0;0;0;0;0;0;0;0;0;0;0;0;0;0;0;0;0;0;0;0;0;0;0;0;0;0;0;0;0;0;0;0;0;0;0;0;0;0;0;0;0;0;0;0;0;0;0;0;0;0;0;0;0;0;0;0;0;0;0;0;0;0;0;0;0;0;0;0;0;0;0;0;0;0;0;0;0;0;0;0;0;0;0;0;0;0;0;0;0;0;0;0;0;0;0;0;0;0;0;0;0;0;0;0;0;0;0;0;0;0;0;0;0;0;0;0;0;0;0;0;0;0;0;0;0;0;0;0;0;0;0;0;0;0;0;0;0;0;0;0;0;0;0;0;0;0;0;0;0;0;15.1833;0;0;0;0;0;0;0;
"2023-01-01 02:45";0;0;0;0;0;0;0;0;0;0;0;0;0;0;0;0;0;0;0;0;0;0;0;0;0;0;0;0;0;0;0;0;0;0;0;0;0;0;0;0;0;0;0;0;0;0;0;0;0;0;0;0;0;0;0;0;0;0;0;0;0;0;0;0;0;0;0;0;0;0;0;0;0;0;0;0;0;0;0;0;0;0;0;0;0;0;0;0;0;0;0;0;0;0;0;0;0;0;0;0;0;0;0;0;0;0;0;0;0;0;0;0;0;0;0;0;0;0;0;0;0;0;0;0;0;0;0;0;0;0;0;0;0;0;0;0;0;0;0;0;0;0;0;0;0;0;0;0;0;0;0;0;0;0;0;0;0;0;0;0;0;0;0;0;0;0;0;0;0;0;0;0;0;0;0;0;0;0;0;0;0;0;0;0;0;0;0;0;0;0;0;0;15.1167;0;0;0;0;0;0;0;
"2023-01-01 03:00";0;0;0;0;0;0;0;0;0;0;0;0;0;0;0;0;0;0;0;0;0;0;0;0;0;0;0;0;0;0;0;0;0;0;0;0;0;0;0;0;0;0;0;0;0;0;0;0;0;0;0;0;0;0;0;0;0;0;0;0;0;0;0;0;0;0;0;0;0;0;0;0;0;0;0;0;0;0;0;0;0;0;0;0;0;0;0;0;0;0;0;0;0;0;0;0;0;0;0;0;0;0;0;0;0;0;0;0;0;0;0;0;0;0;0;0;0;0;0;0;0;0;0;0;0;0;0;0;0;0;0;0;0;0;0;0;0;0;0;0;0;0;0;0;0;0;0;0;0;0;0;0;0;0;0;0;0;0;0;0;0;0;0;0;0;0;0;0;0;0;0;0;0;0;0;0;0;0;0;0;0;0;0;0;0;0;0;0;0;0;0;0;15.0167;0;0;0;0;0;0;0;
"2023-01-01 03:15";0;0;0;0;0;0;0;0;0;0;0;0;0;0;0;0;0;0;0;0;0;0;0;0;0;0;0;0;0;0;0;0;0;0;0;0;0;0;0;0;0;0;0;0;0;0;0;0;0;0;0;0;0;0;0;0;0;0;0;0;0;0;0;0;0;0;0;0;0;0;0;0;0;0;0;0;0;0;0;0;0;0;0;0;0;0;0;0;0;0;0;0;0;0;0;0;0;0;0;0;0;0;0;0;0;0;0;0;0;0;0;0;0;0;0;0;0;0;0;0;0;0;0;0;0;0;0;0;0;0;0;0;0;0;0;0;0;0;0;0;0;0;0;0;0;0;0;0;0;0;0;0;0;0;0;0;0;0;0;0;0;0;0;0;0;0;0;0;0;0;0;0;0;0;0;0;0;0;0;0;0;0;0;0;0;0;0;0;0;0;0;0;15.0167;0;0;0;0;0;0;0;
"2023-01-01 03:30";0;0;0;0;0;0;0;0;0;0;0;0;0;0;0;0;0;0;0;0;0;0;0;0;0;0;0;0;0;0;0;0;0;0;0;0;0;0;0;0;0;0;0;0;0;0;0;0;0;0;0;0;0;0;0;0;0;0;0;0;0;0;0;0;0;0;0;0;0;0;0;0;0;0;0;0;0;0;0;0;0;0;0;0;0;0;0;0;0;0;0;0;0;0;0;0;0;0;0;0;0;0;0;0;0;0;0;0;0;0;0;0;0;0;0;0;0;0;0;0;0;0;0;0;0;0;0;0;0;0;0;0;0;0;0;0;0;0;0;0;0;0;0;0;0;0;0;0;0;0;0;0;0;0;0;0;0;0;0;0;0;0;0;0;0;0;0;0;0;0;0;0;0;0;0;0;0;0;0;0;0;0;0;0;0;0;0;0;0;0;0;0;15.1167;0;0;0;0;0;0;0;
"2023-01-01 03:45";0;0;0;0;0;0;0;0;0;0;0;0;0;0;0;0;0;0;0;0;0;0;0;0;0;0;0;0;0;0;0;0;0;0;0;0;0;0;0;0;0;0;0;0;0;0;0;0;0;0;0;0;0;0;0;0;0;0;0;0;0;0;0;0;0;0;0;0;0;0;0;0;0;0;0;0;0;0;0;0;0;0;0;0;0;0;0;0;0;0;0;0;0;0;0;0;0;0;0;0;0;0;0;0;0;0;0;0;0;0;0;0;0;0;0;0;0;0;0;0;0;0;0;0;0;0;0;0;0;0;0;0;0;0;0;0;0;0;0;0;0;0;0;0;0;0;0;0;0;0;0;0;0;0;0;0;0;0;0;0;0;0;0;0;0;0;0;0;0;0;0;0;0;0;0;0;0;0;0;0;0;0;0;0;0;0;0;0;0;0;0;0;15.1833;0;0;0;0;0;0;0;
"2023-01-01 04:00";0;0;0;0;0;0;0;0;0;0;0;0;0;0;0;0;0;0;0;0;0;0;0;0;0;0;0;0;0;0;0;0;0;0;0;0;0;0;0;0;0;0;0;0;0;0;0;0;0;0;0;0;0;0;0;0;0;0;0;0;0;0;0;0;0;0;0;0;0;0;0;0;0;0;0;0;0;0;0;0;0;0;0;0;0;0;0;0;0;0;0;0;0;0;0;0;0;0;0;0;0;0;0;0;0;0;0;0;0;0;0;0;0;0;0;0;0;0;0;0;0;0;0;0;0;0;0;0;0;0;0;0;0;0;0;0;0;0;0;0;0;0;0;0;0;0;0;0;0;0;0;0;0;0;0;0;0;0;0;0;0;0;0;0;0;0;0;0;0;0;0;0;0;0;0;0;0;0;0;0;0;0;0;0;0;0;0;0;0;0;0;0;15.1833;0;0;0;0;0;0;0;
"2023-01-01 04:15";0;0;0;0;0;0;0;0;0;0;0;0;0;0;0;0;0;0;0;0;0;0;0;0;0;0;0;0;0;0;0;0;0;0;0;0;0;0;0;0;0;0;0;0;0;0;0;0;0;0;0;0;0;0;0;0;0;0;0;0;0;0;0;0;0;0;0;0;0;0;0;0;0;0;0;0;0;0;0;0;0;0;0;0;0;0;0;0;0;0;0;0;0;0;0;0;0;0;0;0;0;0;0;0;0;0;0;0;0;0;0;0;0;0;0;0;0;0;0;0;0;0;0;0;0;0;0;0;0;0;0;0;0;0;0;0;0;0;0;0;0;0;0;0;0;0;0;0;0;0;0;0;0;0;0;0;0;0;0;0;0;0;0;0;0;0;0;0;0;0;0;0;0;0;0;0;0;0;0;0;0;0;0;0;0;0;0;0;0;0;0;0;15.1833;0;0;0;0;0;0;0;
"2023-01-01 04:30";0;0;0;0;0;0;0;0;0;0;0;0;0;0;0;0;0;0;0;0;0;0;0;0;0;0;0;0;0;0;0;0;0;0;0;0;0;0;0;0;0;0;0;0;0;0;0;0;0;0;0;0;0;0;0;0;0;0;0;0;0;0;0;0;0;0;0;0;0;0;0;0;0;0;0;0;0;0;0;0;0;0;0;0;0;0;0;0;0;0;0;0;0;0;0;0;0;0;0;0;0;0;0;0;0;0;0;0;0;0;0;0;0;0;0;0;0;0;0;0;0;0;0;0;0;0;0;0;0;0;0;0;0;0;0;0;0;0;0;0;0;0;0;0;0;0;0;0;0;0;0;0;0;0;0;0;0;0;0;0;0;0;0;0;0;0;0;0;0;0;0;0;0;0;0;0;0;0;0;0;0;0;0;0;0;0;0;0;0;0;0;0;15.1667;0;0;0;0;0;0;0;
"2023-01-01 04:45";0;0;0;0;0;0;0;0;0;0;0;0;0;0;0;0;0;0;0;0;0;0;0;0;0;0;0;0;0;0;0;0;0;0;0;0;0;0;0;0;0;0;0;0;0;0;0;0;0;0;0;0;0;0;0;0;0;0;0;0;0;0;0;0;0;0;0;0;0;0;0;0;0;0;0;0;0;0;0;0;0;0;0;0;0;0;0;0;0;0;0;0;0;0;0;0;0;0;0;0;0;0;0;0;0;0;0;0;0;0;0;0;0;0;0;0;0;0;0;0;0;0;0;0;0;0;0;0;0;0;0;0;0;0;0;0;0;0;0;0;0;0;0;0;0;0;0;0;0;0;0;0;0;0;0;0;0;0;0;0;0;0;0;0;0;0;0;0;0;0;0;0;0;0;0;0;0;0;0;0;0;0;0;0;0;0;0;0;0;0;0;0;15.0333;0;0;0;0;0;0;0;
"2023-01-01 05:00";0;0;0;0;0;0;0;0;0;0;0;0;0;0;0;0;0;0;0;0;0;0;0;0;0;0;0;0;0;0;0;0;0;0;0;0;0;0;0;0;0;0;0;0;0;0;0;0;0;0;0;0;0;0;0;0;0;0;0;0;0;0;0;0;0;0;0;0;0;0;0;0;0;0;0;0;0;0;0;0;0;0;0;0;0;0;0;0;0;0;0;0;0;0;0;0;0;0;0;0;0;0;0;0;0;0;0;0;0;0;0;0;0;0;0;0;0;0;0;0;0;0;0;0;0;0;0;0;0;0;0;0;0;0;0;0;0;0;0;0;0;0;0;0;0;0;0;0;0;0;0;0;0;0;0;0;0;0;0;0;0;0;0;0;0;0;0;0;0;0;0;0;0;0;0;0;0;0;0;0;0;0;0;0;0;0;0;0;0;0;0;0;15;0;0;0;0;0;0;0;
"2023-01-01 05:15";0;0;0;0;0;0;0;0;0;0;0;0;0;0;0;0;0;0;0;0;0;0;0;0;0;0;0;0;0;0;0;0;0;0;0;0;0;0;0;0;0;0;0;0;0;0;0;0;0;0;0;0;0;0;0;0;0;0;0;0;0;0;0;0;0;0;0;0;0;0;0;0;0;0;0;0;0;0;0;0;0;0;0;0;0;0;0;0;0;0;0;0;0;0;0;0;0;0;0;0;0;0;0;0;0;0;0;0;0;0;0;0;0;0;0;0;0;0;0;0;0;0;0;0;0;0;0;0;0;0;0;0;0;0;0;0;0;0;0;0;0;0;0;0;0;0;0;0;0;0;0;0;0;0;0;0;0;0;0;0;0;0;0;0;0;0;0;0;0;0;0;0;0;0;0;0;0;0;0;0;0;0;0;0;0;0;0;0;0;0;0;0;15.0167;0;0;0;0;0;0;0;
"2023-01-01 05:30";0;0;0;0;0;0;0;0;0;0;0;0;0;0;0;0;0;0;0;0;0;0;0;0;0;0;0;0;0;0;0;0;0;0;0;0;0;0;0;0;0;0;0;0;0;0;0;0;0;0;0;0;0;0;0;0;0;0;0;0;0;0;0;0;0;0;0;0;0;0;0;0;0;0;0;0;0;0;0;0;0;0;0;0;0;0;0;0;0;0;0;0;0;0;0;0;0;0;0;0;0;0;0;0;0;0;0;0;0;0;0;0;0;0;0;0;0;0;0;0;0;0;0;0;0;0;0;0;0;0;0;0;0;0;0;0;0;0;0;0;0;0;0;0;0;0;0;0;0;0;0;0;0;0;0;0;0;0;0;0;0;0;0;0;0;0;0;0;0;0;0;0;0;0;0;0;0;0;0;0;0;0;0;0;0;0;0;0;0;0;0;0;15.15;0;0;0;0;0;0;0;
"2023-01-01 05:45";0;0;0;0;0;0;0;0;0;0;0;0;0;0;0;0;0;0;0;0;0;0;0;0;0;0;0;0;0;0;0;0;0;0;0;0;0;0;0;0;0;0;0;0;0;0;0;0;0;0;0;0;0;0;0;0;0;0;0;0;0;0;0;0;0;0;0;0;0;0;0;0;0;0;0;0;0;0;0;0;0;0;0;0;0;0;0;0;0;0;0;0;0;0;0;0;0;0;0;0;0;0;0;0;0;0;0;0;0;0;0;0;0;0;0;0;0;0;0;0;0;0;0;0;0;0;0;0;0;0;0;0;0;0;0;0;0;0;0;0;0;0;0;0;0;0;0;0;0;0;0;0;0;0;0;0;0;0;0;0;0;0;0;0;0;0;0;0;0;0;0;0;0;0;0;0;0;0;0;0;0;0;0;0;0;0;0;0;0;0;0;0;15.2;0;0;0;0;0;0;0;
"2023-01-01 06:00";0;0;0;0;0;0;0;0;0;0;0;0;0;0;0;0;0;0;0;0;0;0;0;0;0;0;0;0;0;0;0;0;0;0;0;0;0;0;0;0;0;0;0;0;0;0;0;0;0;0;0;0;0;0;0;0;0;0;0;0;0;0;0;0;0;0;0;0;0;0;0;0;0;0;0;0;0;0;0;0;0;0;0;0;0;0;0;0;0;0;0;0;0;0;0;0;0;0;0;0;0;0;0;0;0;0;0;0;0;0;0;0;0;0;0;0;0;0;0;0;0;0;0;0;0;0;0;0;0;0;0;0;0;0;0;0;0;0;0;0;0;0;0;0;0;0;0;0;0;0;0;0;0;0;0;0;0;0;0;0;0;0;0;0;0;0;0;0;0;0;0;0;0;0;0;0;0;0;0;0;0;0;0;0;0;0;0;0;0;0;0;0;14.7333;0;0;0;0;0;0;0;
"2023-01-01 06:15";0;0;0;0;0;0;0;0;0;0;0;0;0;0;0;0;0;0;0;0;0;0;0;0;0;0;0;0;0;0;0;0;0;0;0;0;0;0;0;0;0;0;0;0;0;0;0;0;0;0;0;0;0;0;0;0;0;0;0;0;0;0;0;0;0;0;0;0;0;0;0;0;0;0;0;0;0;0;0;0;0;0;0;0;0;0;0;0;0;0;0;0;0;0;0;0;0;0;0;0;0;0;0;0;0;0;0;0;0;0;0;0;0;0;0;0;0;0;0;0;0;0;0;0;0;0;0;0;0;0;0;0;0;0;0;0;0;0;0;0;0;0;0;0;0;0;0;0;0;0;0;0;0;0;0;0;0;0;0;0;0;0;0;0;0;0;0;0;0;0;0;0;0;0;0;0;0;0;0;0;0;0;0;0;0;0;0;0;0;0;0;0;14.2333;0;0;0;0;0;0;0;
"2023-01-01 06:30";0;0;0;0;0;0;0;0;0;0;0;0;0;0;0;0;0;0;0;0;0;0;0;0;0;0;0;0;0;0;0;0;0;0;0;0;0;0;0;0;0;0;0;0;0;0;0;0;0;0;0;0;0;0;0;0;0;0;0;0;0;0;0;0;0;0;0;0;0;0;0;0;0;0;0;0;0;0;0;0;0;0;0;0;0;0;0;0;0;0;0;0;0;0;0;0;0;0;0;0;0;0;0;0;0;0;0;0;0;0;0;0;0;0;0;0;0;0;0;0;0;0;0;0;0;0;0;0;0;0;0;0;0;0;0;0;0;0;0;0;0;0;0;0;0;0;0;0;0;0;0;0;0;0;0;0;0;0;0;0;0;0;0;0;0;0;0;0;0;0;0;0;0;0;0;0;0;0;0;0;0;0;0;0;0;0;0;0;0;0;0;0;13.9333;0;0;0;0;0;0;0;
"2023-01-01 06:45";0;0;0;0;0;0;0;0;0;0;0;0;0;0;0;0;0;0;0;0;0;0;0;0;0;0;0;0;0;0;0;0;0;0;0;0;0;0;0;0;0;0;0;0;0;0;0;0;0;0;0;0;0;0;0;0;0;0;0;0;0;0;0;0;0;0;0;0;0;0;0;0;0;0;0;0;0;0;0;0;0;0;0;0;0;0;0;0;0;0;0;0;0;0;0;0;0;0;0;0;0;0;0;0;0;0;0;0;0;0;0;0;0;0;0;0;0;0;0;0;0;0;0;0;0;0;0;0;0;0;0;0;0;0;0;0;0;0;0;0;0;0;0;0;0;0;0;0;0;0;0;0;0;0;0;0;0;0;0;0;0;0;0;0;0;0;0;0;0;0;0;0;0;0;0;0;0;0;0;0;0;0;0;0;0;0;0;0;0;0;0;0;13.7;0;0;0;0;0;0;0;
"2023-01-01 07:00";0;0;0;0;0;0;0;0;0;0;0;0;0;0;0;0;0;0;0;0;0;0;0;0;0;0;0;0;0;0;0;0;0;0;0;0;0;0;0;0;0;0;0;0;0;0;0;0;0;0;0;0;0;0;0;0;0;0;0;0;0;0;0;0;0;0;0;0;0;0;0;0;0;0;0;0;0;0;0;0;0;0;0;0;0;0;0;0;0;0;0;0;0;0;0;0;0;0;0;0;0;0;0;0;0;0;0;0;0;0;0;0;0;0;0;0;0;0;0;0;0;0;0;0;0;0;0;0;0;0;0;0;0;0;0;0;0;0;0;0;0;0;0;0;0;0;0;0;0;0;0;0;0;0;0;0;0;0;0;0;0;0;0;0;0;0;0;0;0;0;0;0;0;0;0;0;0;0;0;0;0;0;0;0;0;0;0;0;0;0;0;0;13.2333;0;0;0;0;0;0;0;
"2023-01-01 07:15";0;0;0;0;0;0;0;0;0;0;0;0;0;0;0;0;0;0;0;0;0;0;0;0;0;0;0;0;0;0;0;0;0;0;0;0;0;0;0;0;0;0;0;0;0;0;0;0;0;0;0;0;0;0;0;0;0;0;0;0;0;0;0;0;0;0;0;0;0;0;0;0;0;0;0;0;0;0;0;0;0;0;0;0;0;0;0;0;0;0;0;0;0;0;0;0;0;0;0;0;0;0;0;0;0;0;0;0;0;0;0;0;0;0;0;0;0;0;0;0;0;0;0;0;0;0;0;0;0;0;0;0;0;0;0;0;0;0;0;0;0;0;0;0;0;0;0;0;0;0;0;0;0;0;0;0;0;0;0;0;0;0;0;0;0;0;0;0;0;0;0;0;0;0;0;0;0;0;0;0;0;0;0;0;0;0;0;0;0;0;0;0;12.8833;0;0;0;0;0;0;0;
"2023-01-01 07:30";0;0;0;0;0;0;0;0;0;0;0;0;0;0;0;0;0;0;0;0;0;0;0;0;0;0;0;0;0;0;0;0;0;0;0;0;0;0;0;0;0;0;0;0;0;0;0;0;0;0;0;0;0;0;0;0;0;0;0;0;0;0;0;0;0;0;0;0;0;0;0;0;0;0;0;0;0;0;0;0;0;0;0;0;0;0;0;0;0;0;0;0;0;0;0;0;0;0;0;0;0;0;0;0;0;0;0;0;0;0;0;0;0;0;0;0;0;0;0;0;0;0;0;0;0;0;0;0;0;0;0;0;0;0;0;0;0;0;0;0;0;0;0;0;0;0;0;0;0;0;0;0;0;0;0;0;0;0;0;0;0;0;0;0;0;0;0;0;0;0;0;0;0;0;0;0;0;0;0;0;0;0;0;0;0;0;0;0;0;0;0;0;12.8833;0;0;0;0;0;0;0;
"2023-01-01 07:45";0;0;0;0;0;0;0;0;0;0;0;0;0;0;0;0;0;0;0;0;0;0;0;0;0;0;0;0;0;0;0;0;0;0;0;0;0;0;0;0;0;0;0;0;0;0;0;0;0;0;0;0;0;0;0;0;0;0;0;0;0;0;0;0;0;0;0;0;0;0;0;0;0;0;0;0;0;0;0;0;0;0;0;0;0;0;0;0;0;0;0;0;0;0;0;0;0;0;0;0;0;0;0;0;0;0;0;0;0;0;0;0;0;0;0;0;0;0;0;0;0;0;0;0;0;0;0;0;0;0;0;0;0;0;0;0;0;0;0;0;0;0;0;0;0;0;0;0;0;0;0;0;0;0;0;0;0;0;0;0;0;0;0;0;0;0;0;0;0;0;0;0;0;0;0;0;0;0;0;0;0;0;0;0;0;0;0;0;0;0;0;0;12.8;0;0;0;0;0;0;0;
"2023-01-01 08:00";0;0;0;0;0;0;0;0;0;0;0;0;0;0;0;0;0;0;0;0;0;0;0;0;0;0;0;0;0;0;0;0;0;0;0;0;0;0;0;0;0;0;0;0;0;0;0;0;0;0;0;0;0;0;0;0;0;0;0;0;0;0;0;0;0;0;0;0;0;0;0;0;0;0;0;0;0;0;0;0;0;0;0;0;0;0;0;0;0;0;0;0;0;0;0;0;0;0;0;0;0;0;0;0;0;0;0;0;0;0;0;0;0;0;0;0;0;0;0;0;0;0;0;0;0;0;0;0;0;0;0;0;0;0;0;0;0;0;0;0;0;0;0;0;0;0;0;0;0;0;0;0;0;0;0;0;0;0;0;0;0;0;0;0;0;0;0;0;0;0;0;0;0;0;0;0;0;0;0;0;0;0;0;0;0;0;0;0;0;0;0;0;12.6167;0;0;0;0;0;0;0;
"2023-01-01 08:15";0;0;0;0;0;0;0;0;0;0;0;0;0;0;0;0;0;0;0;0;0;0;0;0;0;0;0;0;0;0;0;0;0;0;0;0;0;0;0;0;0;0;0;0;0;0;0;0;0;0;0;0;0;0;0;0;0;0;0;0;0;0;0;0;0;0;0;0;0;0;0;0;0;0;0;0;0;0;0;0;0;0;0;0;0;0;0;0;0;0;0;0;0;0;0;0;0;0;0;0;0;0;0;0;0;0;0;0;0;0;0;0;0;0;0;0;0;0;0;0;0;0;0;0;0;0;0;0;0;0;0;0;0;0;0;0;0;0;0;0;0;0;0;0;0;0;0;0;0;0;0;0;0;0;0;0;0;0;0;0;0;0;0;0;0;0;0;0;0;0;0;0;0;0;0;0;0;0;0;0;0;0;0;0;0;0;0;0;0;0;0;0;12.4833;0;0;0;0;0;0;0;
"2023-01-01 08:30";0;0;0;0;0;0;0;0;0;0;0;0;0;0;0;0;0;0;0;0;0;0;0;0;0;0;0;0;0;0;0;0;0;0;0;0;0;0;0;0;0;0;0;0;0;0;0;0;0;0;0;0;0;0;0;0;0;0;0;0;0;0;0;0;0;0;0;0;0;0;0;0;0;0;0;0;0;0;0;0;0;0;0;0;0;0;0;0;0;0;0;0;0;0;0;0;0;0;0;0;0;0;0;0;0;0;0;0;0;0;0;0;0;0;0;0;0;0;0;0;0;0;0;0;0;0;0;0;0;0;0;0;0;0;0;0;0;0;0;0;0;0;0;0;0;0;0;0;0;0;0;0;0;0;0;0;0;0;0;0;0;0;0;0;0;0;0;0;0;0;0;0;0;0;0;0;0;0;0;0;0;0;0;0;0;0;0;0;0;0;0;0;12.5;0;0;0;0;0;0;0;
"2023-01-01 08:45";0;0;0;0;0;0;0;0;0;0;0;0;0;0;0;0;0;0;0;0;0;0;0;0;0;0;0;0;0;0;0;0;0;0;0;0;0;0;0;0;0;0;0;0;0;0;0;0;0;0;0;0;0;0;0;0;0;0;0;0;0;0;0;0;0;0;0;0;0;0;0;0;0;0;0;0;0;0;0;0;0;0;0;0;0;0;0;0;0;0;0;0;0;0;0;0;0;0;0;0;0;0;0;0;0;0;0;0;0;0;0;0;0;0;0;0;0;0;0;0;0;0;0;0;0;0;0;0;0;0;0;0;0;0;0;0;0;0;0;0;0;0;0;0;0;0;0;0;0;0;0;0;0;0;0;0;0;0;0;0;0;0;0;0;0;0;0;0;0;0;0;0;0;0;0;0;0;0;0;0;0;0;0;0;0;0;0;0;0;0;0;0;12.5;0;0;0;0;0;0;0;
"2023-01-01 09:00";0;0;0;0;0;0;0;0;0;0;0;0;0;0;0;0;0;0;0;0;0;0;0;0;0;0;0;0;0;0;0;0;0;0;0;0;0;0;0;0;0;0;0;0;0;0;0;0;0;0;0;0;0;0;0;0;0;0;0;0;0;0;0;0;0;0;0;0;0;0;0.039855;0;0;0;0;0;0;0;0;0;0;0;0.078604;0;0;0;0;0;0;0;0;0;0;0;0;0;0;0;0;0;0;0;0;0;0;0;0;0;8.3E-5;0;0;0;0.117493;0;0;0;0;0;0;0;8.3E-5;0;0;0;0.044191;0;8.3E-5;0;0;0;0.077331;0;0;0;0;0;0;0;0;0;0;0;0;0;0;0;0;0;0;0;0;0;0;0;0;0;0;0;0;0;0;0;0;0;0;0;0;0;0;0;0;0;0;0;0;0;0;0;0;0;0;0;0;0;0;0;0;0;0;0;0;0;12.5167;1.817493182505E-5;0;0.35747437909;0;0;0;0;
"2023-01-01 09:15";0.000417;0;0;0;0.533712;0;0.0005;0;0;0;1.147792;0;0.0005;0;0;0;0.302586;0;0.0005;0;0;0;1.069454;0;0.000417;0;0;0;1.028506;0;0.0005;0;0;0;0.420631;0;0.0005;0;0;0;0.265708;0;0.000583;0;0;0;0.825094;0;0.000417;0;0;0;0.417157;0;0.000417;0;0;0;0.437524;0;0.0005;0;0;0;0.700414;0;0.0005;0;0;0;0.52958;0;0.000583;0;0;0;0.427667;0;0.000417;0;0;0;0.943767;0;0.0005;0;0;0;1.032848;0;0.000417;0;0;0;0.445895;0;0.000417;0;0;0;0.381143;0;0.0005;0;0;0;0.265607;0;0.000583;0;0;0;1.642774;0;0.0005;0;0;0;0.549514;0;0.000583;0;0;0;0.6186;0;0.000583;0;0;0;1.082514;0;0.000417;0;0;0;0.308265;0;0.000417;0;0;0;0.328758;0;0.0005;0;0;0;0.550371;0;0.0005;0;0;0;0.568012;0;0.000583;0;0;0;0.821263;0;0.000583;0;0;0;0.518448;0;0.0005;0;0;0;0.771985;0;0.0005;0;0;0;0.364478;0;0.0005;0;0;0;0.342873;0;0.000333;0;0;0;0.034265;0;12.45;0.00049887070139988;0;19.677201621923;0;0;0;0;
"2023-01-01 09:30";0.001417;0;0;0;1.815446;0;0.001417;0;0;0;3.345829;0;0.001417;0;0;0;0.882043;0;0.001333;0;0;0;3.026988;0;0.001417;0;0;0;3.498508;0;0.001417;0;0;0;1.191788;0;0.0015;0;0;0;0.796761;0;0.001417;0;0;0;2.032443;0;0.001417;0;0;0;1.251577;0;0.001167;0;0;0;1.224788;0;0.001417;0;0;0;2.041716;0;0.001333;0;0;0;1.386015;0;0.001417;0;0;0;1.053335;0;0.001333;0;0;0;2.674899;0;0.001417;0;0;0;2.926069;0;0.001167;0;0;0;1.248505;0;0.001167;0;0;0;1.067199;0;0.00125;0;0;0;0.653981;0;0.001333;0;0;0;3.871648;0;0.001417;0;0;0;1.55678;0;0.001333;0;0;0;1.457952;0;0.001333;0;0;0;2.551332;0;0.00125;0;0;0;0.924689;0;0.00125;0;0;0;0.986835;0;0.00125;0;0;0;1.376083;0;0.00125;0;0;0;1.665825;0;0.001333;0;0;0;1.878026;0;0.00125;0;0;0;1.111213;0;0.001333;0;0;0;2.059095;0;0.001333;0;0;0;0.972163;0;0.001417;0;0;0;0.999461;0;0.00125;0;0;0;0.128481;0;12.3167;0.0013602759531987;0;53.657471745676;0;0;0;0;
"2023-01-01 09:45";0.004417;0;0;0;5.66185;0;0.00425;0;0;0;9.946368;0;0.00425;0;0;0;2.622107;0;0.004333;0;0;0;9.448245;0;0.004417;0;0;0;10.910829;0;0.004417;0;0;0;3.719373;0;0.0045;0;0;0;2.391369;0;0.004417;0;0;0;6.737517;0;0.004417;0;0;0;3.983712;0;0.004167;0;0;0;4.376234;0;0.00425;0;0;0;6.069544;0;0.004417;0;0;0;4.369513;0;0.004417;0;0;0;3.48988;0;0.00425;0;0;0;8.263198;0;0.004333;0;0;0;8.954406;0;0.004333;0;0;0;4.640987;0;0.004333;0;0;0;3.967031;0;0.004333;0;0;0;2.166753;0;0.004333;0;0;0;12.442731;0;0.004333;0;0;0;4.764083;0;0.004333;0;0;0;4.685511;0;0.004333;0;0;0;8.199377;0;0.00425;0;0;0;3.144655;0;0.00425;0;0;0;3.356001;0;0.004333;0;0;0;4.771504;0;0.004167;0;0;0;5.819986;0;0.004333;0;0;0;6.107052;0;0.00425;0;0;0;3.779411;0;0.004167;0;0;0;6.43833;0;0.004167;0;0;0;3.039736;0;0.00425;0;0;0;2.971181;0;0.004333;0;0;0;0.445855;0;12.3;0.0043503396133055;0;171.68432964155;0;16;0;16;
"2023-01-01 10:00";0.006833;0;0;0;8.749893;0;0.00725;0;0;0;16.334678;0;0.00725;0;0;0;4.306222;0;0.007083;0;0;0;15.148905;0;0.006833;0;0;0;16.861743;0;0.006917;0;0;0;5.816086;0;0.007;0;0;0;3.715687;0;0.007;0;0;0;10.479917;0;0.006917;0;0;0;6.292733;0;0.007;0;0;0;7.343713;0;0.00725;0;0;0;9.967868;0;0.007;0;0;0;6.778102;0;0.007;0;0;0;5.429226;0;0.006917;0;0;0;12.974104;0;0.007083;0;0;0;14.622016;0;0.0065;0;0;0;6.955166;0;0.0065;0;0;0;5.945149;0;0.006833;0;0;0;3.389937;0;0.006917;0;0;0;19.467537;0;0.007083;0;0;0;7.779466;0;0.006917;0;0;0;7.330653;0;0.006917;0;0;0;12.828224;0;0.006583;0;0;0;4.866713;0;0.006583;0;0;0;5.194973;0;0.00675;0;0;0;7.427478;0;0.006917;0;0;0;9.303265;0;0.006833;0;0;0;9.618315;0;0.00675;0;0;0;5.994415;0;0.007083;0;0;0;10.932718;0;0.007083;0;0;0;5.161677;0;0.00725;0;0;0;4.879621;0;0.0065;0;0;0;0.667949;0;12.4;0.0069135511145129;0;272.5641487725;0;185.6;0;184;
"2023-01-01 10:15";0.002583;0;0.002583;0;3.311648;3.311648;0.003;0;0.003;0.00275;6.59646;6.59646;0.003;0;0.003;0.00275;1.738989;1.738989;0.002583;0;0.002583;0.00275;5.707898;5.707898;0.002583;0;0.002583;0;6.381806;6.381806;0.00275;0;0.00275;0;2.313996;2.313996;0.002917;0;0.002917;0;1.550313;1.550313;0.002833;0;0.002833;0.0025;4.068391;4.068391;0.00275;0;0.00275;0.0025;2.390884;2.390884;0.002667;0;0.002667;0;2.799516;2.799516;0.003;0;0.003;0.00275;4.025339;4.025339;0.00275;0;0.00275;0.00275;2.69751;2.69751;0.002833;0;0.002833;0.0025;2.10849;2.10849;0.002583;0;0.002583;0.00275;5.041251;5.041251;0.002833;0;0.002833;0;5.850806;5.850806;0.002083;0;0.002083;0;2.23175;2.23175;0.002083;0;0.002083;0;1.907659;1.907659;0.0025;0;0.0025;0.00275;1.287922;1.287922;0.00275;0;0.00275;0.00275;7.747147;7.747147;0.002833;0;0.002833;0;3.11285;3.11285;0.00275;0;0.00275;0.00275;2.91725;2.91725;0.00275;0;0.00275;0.00275;5.10502;5.10502;0.002333;0;0.002333;0;1.727652;1.727652;0.002333;0;0.002333;0;1.843765;1.843765;0.002583;0;0.002583;0;2.844873;2.844873;0.002667;0;0.002667;0.00225;3.377733;3.377733;0.00275;0;0.00275;0;3.87695;3.87695;0.0025;0;0.0025;0;2.224697;2.224697;0.00275;0;0.00275;0;4.248332;4.248332;0.00275;0;0.00275;0;2.00577;2.00577;0.003;0;0.003;0.00275;1.970577;1.970577;0.00225;0;0.00225;0;0.231554;0.231554;12.2167;0.0026668149021255;0.0026668149021255;105.24479699251;105.24479699251;86.4;86.4;92;92
"2023-01-01 10:30";0.002667;0;0;0;3.423135;0;0.002583;0;0;0;6.127476;0;0.002583;0;0;0;1.615353;0;0.0025;0;0;0;5.796774;0;0.002667;0;0;0;6.596644;0;0.00275;0;0;0;2.315836;0;0.002917;0;0;0;1.551896;0;0.002583;0;0;0;3.947526;0;0.002833;0;0;0;2.431454;0;0.002417;0;0;0;2.541103;0;0.002583;0;0;0;3.739151;0;0.0025;0;0;0;2.614721;0;0.002583;0;0;0;2.044733;0;0.002417;0;0;0;4.968891;0;0.0025;0;0;0;5.170708;0;0.0025;0;0;0;2.681136;0;0.0025;0;0;0;2.291786;0;0.0025;0;0;0;1.289831;0;0.0025;0;0;0;7.405154;0;0.0025;0;0;0;2.751012;0;0.0025;0;0;0;2.788627;0;0.0025;0;0;0;4.879938;0;0.0025;0;0;0;1.851685;0;0.002333;0;0;0;1.845437;0;0.002417;0;0;0;2.66435;0;0.002333;0;0;0;3.290545;0;0.0025;0;0;0;3.528504;0;0.002333;0;0;0;2.07874;0;0.00225;0;0;0;3.479465;0;0.00225;0;0;0;1.642764;0;0.002583;0;0;0;1.830384;0;0.002583;0;0;0;0.26625;0;11.6333;0.0025672859466698;0;101.4510069106;0;6.4;0;4;
"2023-01-01 10:45";0.004917;0;0;0;6.308542;0;0.005;0;0;0;11.485754;0;0.005;0;0;0;3.027926;0;0.004833;0;0;0;10.536264;0;0.004917;0;0;0;12.157047;0;0.004833;0;0;0;4.06841;0;0.005;0;0;0;2.661598;0;0.00475;0;0;0;7.194924;0;0.005;0;0;0;4.445579;0;0.00475;0;0;0;4.993446;0;0.005;0;0;0;7.008917;0;0.004833;0;0;0;4.74728;0;0.00475;0;0;0;3.727107;0;0.004667;0;0;0;8.914121;0;0.004917;0;0;0;10.163276;0;0.004417;0;0;0;4.737746;0;0.004417;0;0;0;4.049739;0;0.004583;0;0;0;2.292767;0;0.004583;0;0;0;13.163595;0;0.004917;0;0;0;5.407248;0;0.004583;0;0;0;4.956961;0;0.004583;0;0;0;8.674399;0;0.0045;0;0;0;3.335675;0;0.0045;0;0;0;3.55946;0;0.0045;0;0;0;4.960079;0;0.004667;0;0;0;6.334252;0;0.004667;0;0;0;6.584298;0;0.004583;0;0;0;4.08;0;0.004667;0;0;0;7.215849;0;0.004667;0;0;0;3.406827;0;0.005;0;0;0;3.431067;0;0.0045;0;0;0;0.463738;0;11.8167;0.0047606830464541;0;188.09389226985;0;0;0;0;
"2023-01-01 11:00";0.008167;0;0;0;10.476216;0;0.00775;0;0;0;18.557028;0;0.00775;0;0;0;4.892088;0;0.007583;0;0;0;17.128441;0;0.008167;0;0;0;20.188481;0;0.008083;0;0;0;6.801747;0;0.008333;0;0;0;4.43248;0;0.0075;0;0;0;11.779126;0;0.008333;0;0;0;7.216458;0;0.0075;0;0;0;7.881701;0;0.00775;0;0;0;11.324001;0;0.007583;0;0;0;7.684971;0;0.0075;0;0;0;6.09989;0;0.0075;0;0;0;14.742307;0;0.00775;0;0;0;16.021903;0;0.00725;0;0;0;7.777055;0;0.00725;0;0;0;6.647685;0;0.007333;0;0;0;3.744733;0;0.007333;0;0;0;21.50164;0;0.00775;0;0;0;8.524258;0;0.007333;0;0;0;8.096979;0;0.007333;0;0;0;14.169249;0;0.00725;0;0;0;5.372927;0;0.007083;0;0;0;5.60095;0;0.007083;0;0;0;7.808417;0;0.007083;0;0;0;10.105573;0;0.007083;0;0;0;9.994024;0;0.007;0;0;0;6.231272;0;0.007083;0;0;0;10.948895;0;0.007083;0;0;0;5.169314;0;0.00775;0;0;0;5.543279;0;0.007583;0;0;0;0.780955;0;11.8667;0.0076772881843555;0;303.24404429028;0;0;0;0;
"2023-01-01 11:15";0.013917;0;0;0;17.830036;0;0.013417;0;0;0;31.236373;0;0.013417;0;0;0;8.234674;0;0.01375;0;0;0;29.612915;0;0.013917;0;0;0;34.359892;0;0.013833;0;0;0;11.622918;0;0.013833;0;0;0;7.343739;0;0.014;0;0;0;21.424365;0;0.013833;0;0;0;12.666328;0;0.013417;0;0;0;14.075449;0;0.013417;0;0;0;19.06129;0;0.01375;0;0;0;13.602655;0;0.014;0;0;0;11.097083;0;0.013833;0;0;0;26.38629;0;0.0135;0;0;0;27.861493;0;0.014417;0;0;0;15.440208;0;0.014417;0;0;0;13.198008;0;0.014167;0;0;0;6.841555;0;0.014;0;0;0;39.422098;0;0.0135;0;0;0;14.823368;0;0.014;0;0;0;14.844701;0;0.014;0;0;0;25.977378;0;0.014417;0;0;0;10.667162;0;0.01425;0;0;0;11.252475;0;0.014333;0;0;0;15.76656;0;0.0135;0;0;0;19.068342;0;0.014167;0;0;0;19.951753;0;0.014333;0;0;0;12.736118;0;0.013583;0;0;0;20.950776;0;0.013583;0;0;0;9.891514;0;0.013417;0;0;0;9.330971;0;0.014083;0;0;0;1.448373;0;12.35;0.01389489479426;0;548.02686299994;0;0;0;0;
"2023-01-01 11:30";0.02;0;0;0;25.656039;0;0.020583;0;0;0;46.092823;0;0.020583;0;0;0;12.151199;0;0.022083;0;0;0;44.960622;0;0.02;0;0;0;49.441178;0;0.019667;0;0;0;16.546701;0;0.019417;0;0;0;10.321826;0;0.021417;0;0;0;31.67319;0;0.019583;0;0;0;18.942185;0;0.020667;0;0;0;21.696248;0;0.020583;0;0;0;28.127093;0;0.020917;0;0;0;20.205195;0;0.021417;0;0;0;16.41065;0;0.021167;0;0;0;38.846906;0;0.0195;0;0;0;40.294829;0;0.022083;0;0;0;23.67264;0;0.022083;0;0;0;20.234941;0;0.02225;0;0;0;10.120043;0;0.021667;0;0;0;58.247328;0;0.0195;0;0;0;21.438373;0;0.021667;0;0;0;21.932237;0;0.021667;0;0;0;38.380161;0;0.022083;0;0;0;16.352842;0;0.021833;0;0;0;17.260194;0;0.021833;0;0;0;24.043763;0;0.020167;0;0;0;28.293849;0;0.021667;0;0;0;30.542201;0;0.021833;0;0;0;19.418;0;0.01975;0;0;0;30.496868;0;0.01975;0;0;0;14.398521;0;0.020583;0;0;0;13.769254;0;0.020583;0;0;0;2.117813;0;12.5;0.020569912875611;0;812.08571422573;0;0;0;0;
"2023-01-01 11:45";0.025583;0;0;0;32.669337;0;0.025917;0;0;0;57.666588;0;0.025917;0;0;0;15.202328;0;0.027667;0;0;0;56.398197;0;0.025583;0;0;0;62.956543;0;0.025333;0;0;0;21.224823;0;0.024833;0;0;0;13.145908;0;0.0275;0;0;0;40.649805;0;0.025083;0;0;0;24.066736;0;0.0265;0;0;0;27.668252;0;0.025917;0;0;0;35.189778;0;0.026917;0;0;0;25.854563;0;0.0275;0;0;0;21.060858;0;0.0275;0;0;0;50.096072;0;0.025417;0;0;0;52.293874;0;0.02875;0;0;0;30.682935;0;0.02875;0;0;0;26.227209;0;0.028667;0;0;0;13.107535;0;0.028083;0;0;0;75.395948;0;0.025417;0;0;0;27.822319;0;0.028083;0;0;0;28.389434;0;0.028083;0;0;0;49.679885;0;0.02875;0;0;0;21.18583;0;0.028667;0;0;0;22.554379;0;0.028917;0;0;0;31.685366;0;0.026667;0;0;0;36.980662;0;0.028833;0;0;0;40.386066;0;0.029167;0;0;0;25.786948;0;0.026833;0;0;0;41.236572;0;0.026833;0;0;0;19.46907;0;0.025917;0;0;0;17.22677;0;0.026917;0;0;0;2.755637;0;12.7833;0.02663980540572;0;1046.7162268128;0;0;0;0;
"2023-01-01 12:00";0.02575;0;0;0;32.728434;0;0.027167;0;0;0;59.444001;0;0.027167;0;0;0;15.670897;0;0.029167;0;0;0;58.207607;0;0.02575;0;0;0;63.070629;0;0.025417;0;0;0;21.17563;0;0.025;0;0;0;13.163293;0;0.028667;0;0;0;41.522244;0;0.025167;0;0;0;24.555897;0;0.027833;0;0;0;28.887485;0;0.027167;0;0;0;36.274471;0;0.028167;0;0;0;26.596383;0;0.028667;0;0;0;21.515834;0;0.028667;0;0;0;51.307583;0;0.026083;0;0;0;53.358777;0;0.0295;0;0;0;31.329314;0;0.0295;0;0;0;26.779718;0;0.030083;0;0;0;13.423423;0;0.029417;0;0;0;77.320054;0;0.026083;0;0;0;28.388888;0;0.029417;0;0;0;29.113375;0;0.029417;0;0;0;50.94674;0;0.02975;0;0;0;21.837867;0;0.02975;0;0;0;23.313445;0;0.03;0;0;0;32.707621;0;0.027667;0;0;0;37.914699;0;0.030083;0;0;0;41.929766;0;0.030417;0;0;0;26.750838;0;0.027583;0;0;0;42.146855;0;0.027583;0;0;0;19.898843;0;0.027167;0;0;0;17.757978;0;0.027167;0;0;0;2.769192;0;13.1333;0.027416651234168;0;1071.8077804944;0;0;0;0;
"2023-01-01 12:15";0.019583;0;0;0;24.913369;0;0.02;0;0;0;44.643702;0;0.02;0;0;0;11.769175;0;0.021;0;0;0;43.103768;0;0.019583;0;0;0;48.010269;0;0.019417;0;0;0;16.202769;0;0.01925;0;0;0;10.155466;0;0.020833;0;0;0;30.747929;0;0.01925;0;0;0;18.235937;0;0.020333;0;0;0;21.16658;0;0.02;0;0;0;27.242882;0;0.020583;0;0;0;19.767576;0;0.020833;0;0;0;15.930441;0;0.020833;0;0;0;38.186311;0;0.019667;0;0;0;40.301561;0;0.02125;0;0;0;22.603854;0;0.02125;0;0;0;19.321357;0;0.021417;0;0;0;9.934088;0;0.021167;0;0;0;57.173496;0;0.019667;0;0;0;21.441955;0;0.021167;0;0;0;21.528263;0;0.021167;0;0;0;37.673229;0;0.02125;0;0;0;15.614522;0;0.02125;0;0;0;16.675304;0;0.021417;0;0;0;23.408433;0;0.020333;0;0;0;27.914191;0;0.021417;0;0;0;29.942871;0;0.0215;0;0;0;18.963079;0;0.020417;0;0;0;31.246528;0;0.020417;0;0;0;14.752459;0;0.02;0;0;0;13.336431;0;0.02;0;0;0;2.041001;0;13.0167;0.020275262369754;0;793.94879837411;0;0;0;0;
"2023-01-01 12:30";0.0275;0;0;0;34.924665;0;0.027667;0;0;0;62.232405;0;0.027667;0;0;0;16.405989;0;0.028917;0;0;0;59.948978;0;0.0275;0;0;0;67.303002;0;0.02725;0;0;0;22.695241;0;0.027;0;0;0;14.216357;0;0.028667;0;0;0;42.684603;0;0.027167;0;0;0;25.352414;0;0.028;0;0;0;29.107287;0;0.027667;0;0;0;37.976048;0;0.02825;0;0;0;27.354543;0;0.028667;0;0;0;22.112807;0;0.028667;0;0;0;52.887662;0;0.027333;0;0;0;55.909478;0;0.029167;0;0;0;30.971768;0;0.029167;0;0;0;26.474094;0;0.029417;0;0;0;13.726096;0;0.029;0;0;0;78.924664;0;0.027333;0;0;0;29.745958;0;0.029;0;0;0;29.718831;0;0.029;0;0;0;52.006253;0;0.029333;0;0;0;21.527092;0;0.02925;0;0;0;22.919002;0;0.029333;0;0;0;32.010084;0;0.02775;0;0;0;38.545897;0;0.029417;0;0;0;41.075942;0;0.029417;0;0;0;25.901058;0;0.028;0;0;0;42.783514;0;0.028;0;0;0;20.19943;0;0.027667;0;0;0;18.590634;0;0.028083;0;0;0;2.860994;0;13.1833;0.0281157753147;0;1099.0927895321;0;0;0;0;
"2023-01-01 12:45";0.0295;0;0.0295;0;37.460345;37.460345;0.029;0;0.029;0.029;65.807238;65.807238;0.029;0;0.029;0.029;17.348403;17.348403;0.030583;0;0.030583;0.029333;63.629102;63.629102;0.0295;0;0.0295;0;72.189493;72.189493;0.029083;0;0.029083;0;24.21658;24.21658;0.028667;0;0.028667;0;15.092181;15.092181;0.03025;0;0.03025;0.029917;45.513223;45.513223;0.029;0;0.029;0.030667;26.93514;26.93514;0.02925;0;0.02925;0;30.38925;30.38925;0.029;0;0.029;0.029;40.15752;40.15752;0.029667;0;0.029667;0.030083;29.043662;29.043662;0.03025;0;0.03025;0.029917;23.576003;23.576003;0.03025;0;0.03025;0.02975;56.233741;56.233741;0.0285;0;0.0285;0;58.289155;58.289155;0.031583;0;0.031583;0;33.522659;33.522659;0.031583;0;0.031583;0;28.654548;28.654548;0.031333;0;0.031333;0.028667;14.574575;14.574575;0.030667;0;0.030667;0.0295;83.903065;83.903065;0.0285;0;0.0285;0;31.012036;31.012036;0.030667;0;0.030667;0.0295;31.593642;31.593642;0.030667;0;0.030667;0.0295;55.287066;55.287066;0.031583;0;0.031583;0;23.167719;23.167719;0.031417;0;0.031417;0;24.613891;24.613891;0.031333;0;0.031333;0;34.176941;34.176941;0.029083;0;0.029083;0.03075;40.964752;40.964752;0.031167;0;0.031167;0;43.499591;43.499591;0.031417;0;0.031417;0;27.649349;27.649349;0.029167;0;0.029167;0;44.571285;44.571285;0.029167;0;0.029167;0;21.043492;21.043492;0.029;0;0.029;0.029;19.658432;19.658432;0.030333;0;0.030333;0;3.089505;3.089505;13.3333;0.029856496607352;0.029856496607352;1166.8635851725;1166.8635851725;800;800;812;812
"2023-01-01 13:00";0.030167;0;0;0;38.293728;0;0.029833;0;0;0;67.781069;0;0.029833;0;0;0;17.868753;0;0.031583;0;0;0;65.632123;0;0.030167;0;0;0;73.795516;0;0.029833;0;0;0;24.826822;0;0.029333;0;0;0;15.418403;0;0.031167;0;0;0;46.618953;0;0.029667;0;0;0;27.626359;0;0.030333;0;0;0;31.511155;0;0.029833;0;0;0;41.362013;0;0.030667;0;0;0;29.880173;0;0.031167;0;0;0;24.149887;0;0.031167;0;0;0;57.779213;0;0.02925;0;0;0;59.8162;0;0.0325;0;0;0;34.483772;0;0.0325;0;0;0;29.476089;0;0.03225;0;0;0;14.951336;0;0.031583;0;0;0;86.091592;0;0.02925;0;0;0;31.824482;0;0.031583;0;0;0;32.417595;0;0.031583;0;0;0;56.728936;0;0.032583;0;0;0;23.88486;0;0.032333;0;0;0;25.311792;0;0.032333;0;0;0;35.235399;0;0.03;0;0;0;42.13654;0;0.032167;0;0;0;44.879847;0;0.0325;0;0;0;28.596212;0;0.03;0;0;0;45.834209;0;0.03;0;0;0;21.639758;0;0.029833;0;0;0;20.248054;0;0.031167;0;0;0;3.170384;0;13.5;0.030697232781238;0;1199.2712220899;0;1100.8;0;1092;
"2023-01-01 13:15";0.02675;0;0;0;33.98386;0;0.024917;0;0;0;57.71212;0;0.024917;0;0;0;15.214331;0;0.027833;0;0;0;57.331493;0;0.02675;0;0;0;65.489969;0;0.025917;0;0;0;21.594677;0;0.025;0;0;0;13.169322;0;0.027167;0;0;0;41.300643;0;0.025583;0;0;0;24.260436;0;0.0255;0;0;0;26.505376;0;0.024917;0;0;0;35.217632;0;0.026083;0;0;0;26.036896;0;0.027167;0;0;0;21.391948;0;0.02725;0;0;0;50.827108;0;0.023917;0;0;0;48.96017;0;0.030583;0;0;0;32.464969;0;0.030583;0;0;0;27.750455;0;0.029667;0;0;0;13.197391;0;0.028167;0;0;0;76.028175;0;0.023917;0;0;0;26.048663;0;0.028167;0;0;0;28.627875;0;0.028167;0;0;0;50.097143;0;0.030667;0;0;0;22.482441;0;0.030333;0;0;0;23.746114;0;0.03;0;0;0;32.696384;0;0.025167;0;0;0;37.144667;0;0.029417;0;0;0;41.047679;0;0.030083;0;0;0;26.472864;0;0.02525;0;0;0;38.59487;0;0.02525;0;0;0;18.22184;0;0.024917;0;0;0;17.239965;0;0.028417;0;0;0;2.893295;0;13.5;0.026955578581226;0;1053.7507718663;0;0;0;0;
"2023-01-01 13:30";0.035167;0;0;0;44.528098;0;0.033917;0;0;0;79.728305;0;0.033917;0;0;0;21.018338;0;0.0395;0;0;0;80.715235;0;0.035167;0;0;0;85.809865;0;0.035667;0;0;0;29.626695;0;0.033;0;0;0;17.329786;0;0.03725;0;0;0;57.675375;0;0.033917;0;0;0;32.813255;0;0.03625;0;0;0;37.592612;0;0.033917;0;0;0;48.652602;0;0.035917;0;0;0;36.609803;0;0.03725;0;0;0;29.868064;0;0.038667;0;0;0;72.316791;0;0.032333;0;0;0;66.015145;0;0.043083;0;0;0;45.618927;0;0.043083;0;0;0;38.99421;0;0.04375;0;0;0;18.727835;0;0.040417;0;0;0;108.260979;0;0.032333;0;0;0;35.122555;0;0.040417;0;0;0;40.764677;0;0.040417;0;0;0;71.335852;0;0.042167;0;0;0;30.803688;0;0.03975;0;0;0;31.025262;0;0.0385;0;0;0;41.811348;0;0.033167;0;0;0;50.39692;0;0.036917;0;0;0;51.353484;0;0.038167;0;0;0;33.474321;0;0.0315;0;0;0;48.031843;0;0.0315;0;0;0;22.677329;0;0.033917;0;0;0;23.816525;0;0.037667;0;0;0;3.821923;0;13.8;0.036845870754806;0;1436.3376460138;0;0;0;0;
"2023-01-01 13:45";0.031417;0;0;0;39.724944;0;0.03025;0;0;0;69.272355;0;0.03025;0;0;0;18.261893;0;0.031667;0;0;0;66.705628;0;0.031417;0;0;0;76.553805;0;0.031083;0;0;0;25.75418;0;0.030667;0;0;0;16.060073;0;0.031167;0;0;0;47.5406;0;0.031;0;0;0;28.197055;0;0.030333;0;0;0;31.391588;0;0.03025;0;0;0;42.272104;0;0.030833;0;0;0;30.379067;0;0.031167;0;0;0;24.622504;0;0.03125;0;0;0;58.760673;0;0.029917;0;0;0;60.947332;0;0.03275;0;0;0;34.621764;0;0.03275;0;0;0;29.594038;0;0.032333;0;0;0;15.129791;0;0.031583;0;0;0;87.238197;0;0.029917;0;0;0;32.426286;0;0.031583;0;0;0;32.850028;0;0.031583;0;0;0;57.485669;0;0.03275;0;0;0;23.916361;0;0.0325;0;0;0;25.360743;0;0.0325;0;0;0;35.279063;0;0.03;0;0;0;42.616138;0;0.032167;0;0;0;44.71502;0;0.032417;0;0;0;28.411609;0;0.03025;0;0;0;46.014217;0;0.03025;0;0;0;21.724745;0;0.03025;0;0;0;20.693478;0;0.032167;0;0;0;3.259353;0;14.0833;0.031292622873775;0;1217.7802996108;0;0;0;0;
"2023-01-01 14:00";0.025667;0;0.025667;0;32.48423;32.48423;0.025;0;0.025;0.025667;57.307725;57.307725;0.025;0;0.025;0.025667;15.107723;15.107723;0.02525;0;0.02525;0.025833;54.08229;54.08229;0.025667;0;0.025667;0;62.600211;62.600211;0.025583;0;0.025583;0;21.214253;21.214253;0.025583;0;0.025583;0;13.413366;13.413366;0.025083;0;0.025083;0.02575;38.375456;38.375456;0.025583;0;0.025583;0.025167;22.844361;22.844361;0.024667;0;0.024667;0;25.562582;25.562582;0.025;0;0.025;0.025667;34.970904;34.970904;0.025167;0;0.025167;0.025833;24.735668;24.735668;0.025083;0;0.025083;0.02575;19.875409;19.875409;0.025083;0;0.025083;0.025833;47.627111;47.627111;0.025167;0;0.025167;0;51.32373;51.32373;0.025333;0;0.025333;0;26.842741;26.842741;0.025333;0;0.025333;0;22.944676;22.944676;0.02525;0;0.02525;0.025417;12.272102;12.272102;0.025083;0;0.025083;0.0255;70.342482;70.342482;0.025167;0;0.025167;0;27.306166;27.306166;0.025083;0;0.025083;0.0255;26.488277;26.488277;0.025083;0;0.025083;0.0255;46.352969;46.352969;0.025333;0;0.025333;0;18.534194;18.534194;0.025167;0;0.025167;0;19.667628;19.667628;0.025167;0;0.025167;0;27.378359;27.378359;0.024583;0;0.024583;0.025583;34.223208;34.223208;0.025083;0;0.025083;0;34.932714;34.932714;0.025083;0;0.025083;0;22.027357;22.027357;0.024583;0;0.024583;0;37.446299;37.446299;0.024583;0;0.024583;0;17.679564;17.679564;0.025;0;0.025;0.025667;17.119306;17.119306;0.025583;0;0.025583;0;2.599444;2.599444;14.1;0.02529064474897;0.02529064474897;985.68250525611;985.68250525611;748.8;748.8;752;752
"2023-01-01 14:15";0.016333;0;0.016333;0;20.733621;20.733621;0.016583;0;0.016583;0.016083;37.081002;37.081002;0.016583;0;0.016583;0.016083;9.775462;9.775462;0.01725;0;0.01725;0.016583;35.929071;35.929071;0.016333;0;0.016333;0;39.955583;39.955583;0.016417;0;0.016417;0;13.666393;13.666393;0.016167;0;0.016167;0;8.507389;8.507389;0.01725;0;0.01725;0.016667;25.647779;25.647779;0.016333;0;0.016333;0.017167;15.118537;15.118537;0.016667;0;0.016667;0;17.323775;17.323775;0.016583;0;0.016583;0.016083;22.627919;22.627919;0.017083;0;0.017083;0.016833;16.487314;16.487314;0.01725;0;0.01725;0.016667;13.28699;13.28699;0.01725;0;0.01725;0.01675;31.862286;31.862286;0.016583;0;0.016583;0;33.908988;33.908988;0.017417;0;0.017417;0;18.492455;18.492455;0.017417;0;0.017417;0;15.807008;15.807008;0.0175;0;0.0175;0.016417;8.240116;8.240116;0.017417;0;0.017417;0.01675;47.654167;47.654167;0.016583;0;0.016583;0;18.040865;18.040865;0.017417;0;0.017417;0.01675;17.944138;17.944138;0.017417;0;0.017417;0.01675;31.401215;31.401215;0.017667;0;0.017667;0;12.95777;12.95777;0.0175;0;0.0175;0;13.709088;13.709088;0.017833;0;0.017833;0;19.456223;19.456223;0.016917;0;0.016917;0.017;23.182967;23.182967;0.017667;0;0.017667;0;24.666009;24.666009;0.017667;0;0.017667;0;15.564228;15.564228;0.017;0;0.017;0;25.978692;25.978692;0.017;0;0.017;0;12.26535;12.26535;0.016583;0;0.016583;0.016083;11.077218;11.077218;0.016917;0;0.016917;0;1.723388;1.723388;14.0333;0.016888433663838;0.016888433663838;660.07300483348;660.07300483348;633.6;633.6;632;632
"2023-01-01 14:30";0.016833;0;0;0;21.378128;0;0.017167;0;0;0;38.147792;0;0.017167;0;0;0;10.056694;0;0.018083;0;0;0;37.174818;0;0.016833;0;0;0;41.197595;0;0.016833;0;0;0;14.024516;0;0.016583;0;0;0;8.732651;0;0.018083;0;0;0;26.712912;0;0.016667;0;0;0;15.682822;0;0.017417;0;0;0;18.109586;0;0.017167;0;0;0;23.2789;0;0.017833;0;0;0;17.133147;0;0.018083;0;0;0;13.839555;0;0.018083;0;0;0;33.18034;0;0.016917;0;0;0;34.602512;0;0.018417;0;0;0;19.551986;0;0.018417;0;0;0;16.712676;0;0.0185;0;0;0;8.583837;0;0.018333;0;0;0;49.749433;0;0.016917;0;0;0;18.409846;0;0.018333;0;0;0;18.732924;0;0.018333;0;0;0;32.781544;0;0.018667;0;0;0;13.683398;0;0.018583;0;0;0;14.551086;0;0.018833;0;0;0;20.547226;0;0.017667;0;0;0;24.346858;0;0.018833;0;0;0;26.29188;0;0.018917;0;0;0;16.661651;0;0.017667;0;0;0;27.016086;0;0.017667;0;0;0;12.755136;0;0.017167;0;0;0;11.395943;0;0.017667;0;0;0;1.79897;0;13.8333;0.017569393326004;0;686.82244897966;0;160;0;160;
"2023-01-01 14:45";0.016833;0;0.016833;0;21.375677;21.375677;0.017083;0;0.017083;0.016667;38.297438;38.297438;0.017083;0;0.017083;0.016667;10.096144;10.096144;0.017333;0;0.017333;0.017083;36.519447;36.519447;0.016833;0;0.016833;0;41.192875;41.192875;0.016917;0;0.016917;0;14.082628;14.082628;0.016917;0;0.016917;0;8.899002;8.899002;0.017417;0;0.017417;0.017;26.012133;26.012133;0.016917;0;0.016917;0.01725;15.410582;15.410582;0.017167;0;0.017167;0;17.837337;17.837337;0.017083;0;0.017083;0.016667;23.370227;23.370227;0.017417;0;0.017417;0.017167;16.796722;16.796722;0.017417;0;0.017417;0.017;13.475132;13.475132;0.017333;0;0.017333;0.017167;32.299168;32.299168;0.017167;0;0.017167;0;35.093691;35.093691;0.017083;0;0.017083;0;18.119861;18.119861;0.017083;0;0.017083;0;15.488522;15.488522;0.01725;0;0.01725;0.017;8.31488;8.31488;0.017417;0;0.017417;0.017083;48.088144;48.088144;0.017167;0;0.017167;0;18.671172;18.671172;0.017417;0;0.017417;0.017083;18.107762;18.107762;0.017417;0;0.017417;0.017083;31.687547;31.687547;0.01725;0;0.01725;0;12.644926;12.644926;0.01725;0;0.01725;0;13.502426;13.502426;0.017333;0;0.017333;0;18.899901;18.899901;0.017167;0;0.017167;0.017167;23.459929;23.459929;0.0175;0;0.0175;0;24.416497;24.416497;0.017417;0;0.017417;0;15.333429;15.333429;0.017333;0;0.017333;0;26.475897;26.475897;0.017333;0;0.017333;0;12.500096;12.500096;0.017083;0;0.017083;0.016667;11.440585;11.440585;0.016833;0;0.016833;0;1.71372;1.71372;13.9833;0.017141039004594;0.017141039004594;669.62349874691;669.62349874691;480;480;484;484
"2023-01-01 15:00";0.010417;0;0.010417;0;13.248759;13.248759;0.010417;0;0.010417;0.010333;23.590531;23.590531;0.010417;0;0.010417;0.010333;6.219043;6.219043;0.0105;0;0.0105;0.0105;22.307586;22.307586;0.010417;0;0.010417;0;25.531535;25.531535;0.010417;0;0.010417;0;8.685505;8.685505;0.0105;0;0.0105;0;5.532382;5.532382;0.010667;0;0.010667;0.010333;15.890397;15.890397;0.0105;0;0.0105;0.010417;9.44886;9.44886;0.010333;0;0.010333;0;10.754318;10.754318;0.010417;0;0.010417;0.010333;14.395629;14.395629;0.010583;0;0.010583;0.010583;10.294589;10.294589;0.010667;0;0.010667;0.010333;8.232019;8.232019;0.010417;0;0.010417;0.010583;19.68282;19.68282;0.0105;0;0.0105;0;21.499648;21.499648;0.010333;0;0.010333;0;10.975365;10.975365;0.010333;0;0.010333;0;9.381539;9.381539;0.0105;0;0.0105;0.0105;5.106954;5.106954;0.0105;0;0.0105;0.010417;29.20656;29.20656;0.0105;0;0.0105;0;11.438626;11.438626;0.0105;0;0.0105;0.010417;10.99791;10.99791;0.0105;0;0.0105;0.010417;19.245714;19.245714;0.010417;0;0.010417;0;7.646312;7.646312;0.010333;0;0.010333;0;8.100444;8.100444;0.0105;0;0.0105;0;11.471264;11.471264;0.010333;0;0.010333;0.01025;14.087222;14.087222;0.0105;0;0.0105;0;14.675119;14.675119;0.010333;0;0.010333;0;9.115081;9.115081;0.010417;0;0.010417;0;15.942106;15.942106;0.010417;0;0.010417;0;7.526765;7.526765;0.010417;0;0.010417;0.010333;7.047143;7.047143;0.010333;0;0.010333;0;1.053794;1.053794;13.9667;0.010435429945146;0.010435429945146;408.33153808961;408.33153808961;432;432;428;428
"2023-01-01 15:15";0.005667;0;0.005667;0;7.220527;7.220527;0.005667;0;0.005667;0.005583;12.825303;12.825303;0.005667;0;0.005667;0.005583;3.381065;3.381065;0.00575;0;0.00575;0.005833;12.325203;12.325203;0.005667;0;0.005667;0;13.91458;13.91458;0.00575;0;0.00575;0;4.807036;4.807036;0.00575;0;0.00575;0;3.038651;3.038651;0.005833;0;0.005833;0.005667;8.71994;8.71994;0.00575;0;0.00575;0.005667;5.168266;5.168266;0.0055;0;0.0055;0;5.741153;5.741153;0.005667;0;0.005667;0.005583;7.826366;7.826366;0.00575;0;0.00575;0.005833;5.640736;5.640736;0.005833;0;0.005833;0.005667;4.517306;4.517306;0.00575;0;0.00575;0.005833;10.875485;10.875485;0.00575;0;0.00575;0;11.804722;11.804722;0.0055;0;0.0055;0;5.855085;5.855085;0.0055;0;0.0055;0;5.004818;5.004818;0.005667;0;0.005667;0.00575;2.78261;2.78261;0.005667;0;0.005667;0.00575;15.978684;15.978684;0.00575;0;0.00575;0;6.280559;6.280559;0.005667;0;0.005667;0.00575;6.016951;6.016951;0.005667;0;0.005667;0.00575;10.52932;10.52932;0.005667;0;0.005667;0;4.167676;4.167676;0.005667;0;0.005667;0;4.447763;4.447763;0.00575;0;0.00575;0;6.294805;6.294805;0.005667;0;0.005667;0.005583;7.719402;7.719402;0.00575;0;0.00575;0;8.053869;8.053869;0.00575;0;0.00575;0;5.079068;5.079068;0.005667;0;0.005667;0;8.698389;8.698389;0.005667;0;0.005667;0;4.10678;4.10678;0.005667;0;0.005667;0.005583;3.83127;3.83127;0.005667;0;0.005667;0;0.579143;0.579143;13.7167;0.0056920061879079;0.0056920061879079;223.23253105744;223.23253105744;214.4;214.4;216;216
"2023-01-01 15:30";0.0045;0;0.0045;0;5.744432;5.744432;0.0045;0;0.0045;0.0045;10.277848;10.277848;0.0045;0;0.0045;0.0045;2.709493;2.709493;0.004667;0;0.004667;0.00475;10.028558;10.028558;0.0045;0;0.0045;0;11.070004;11.070004;0.0045;0;0.0045;0;3.768049;3.768049;0.0045;0;0.0045;0;2.380517;2.380517;0.004667;0;0.004667;0.0045;6.956416;6.956416;0.0045;0;0.0045;0.0045;4.077995;4.077995;0.0045;0;0.0045;0;4.704295;4.704295;0.0045;0;0.0045;0.0045;6.271832;6.271832;0.004583;0;0.004583;0.00475;4.549131;4.549131;0.004667;0;0.004667;0.0045;3.603847;3.603847;0.0045;0;0.0045;0.00475;8.698996;8.698996;0.0045;0;0.0045;0;9.246945;9.246945;0.0045;0;0.0045;0;4.798174;4.798174;0.0045;0;0.0045;0;4.101391;4.101391;0.0045;0;0.0045;0.0045;2.197098;2.197098;0.004667;0;0.004667;0.0045;12.857164;12.857164;0.0045;0;0.0045;0;4.919725;4.919725;0.004667;0;0.004667;0.0045;4.841362;4.841362;0.004667;0;0.004667;0.0045;8.472107;8.472107;0.004583;0;0.004583;0;3.377451;3.377451;0.004583;0;0.004583;0;3.602383;3.602383;0.004667;0;0.004667;0;5.113489;5.113489;0.0045;0;0.0045;0.004417;6.129762;6.129762;0.004667;0;0.004667;0;6.549924;6.549924;0.004583;0;0.004583;0;4.055937;4.055937;0.0045;0;0.0045;0;6.919403;6.919403;0.0045;0;0.0045;0;3.266866;3.266866;0.0045;0;0.0045;0.0045;3.070255;3.070255;0.0045;0;0.0045;0;0.460485;0.460485;13.4333;0.00455246662557;0.00455246662557;178.82133206433;178.82133206433;166.4;166.4;168;168
"2023-01-01 15:45";0.005083;0;0.005083;0;6.491302;6.491302;0.005;0;0.005;0.004917;11.335033;11.335033;0.005;0;0.005;0.004917;2.988193;2.988193;0.005083;0;0.005083;0.005083;10.833227;10.833227;0.005083;0;0.005083;0;12.509281;12.509281;0.005083;0;0.005083;0;4.2633;4.2633;0.005083;0;0.005083;0;2.690328;2.690328;0.005167;0;0.005167;0.005083;7.780573;7.780573;0.005083;0;0.005083;0.005083;4.607414;4.607414;0.005;0;0.005;0;5.226995;5.226995;0.005;0;0.005;0.004917;6.916954;6.916954;0.005167;0;0.005167;0.005167;5.039275;5.039275;0.005167;0;0.005167;0.005083;4.030458;4.030458;0.005083;0;0.005083;0.005167;9.645665;9.645665;0.005;0;0.005;0;10.277911;10.277911;0.005167;0;0.005167;0;5.51027;5.51027;0.005167;0;0.005167;0;4.710078;4.710078;0.005167;0;0.005167;0.005083;2.502969;2.502969;0.005167;0;0.005167;0.005167;14.504783;14.504783;0.005;0;0.005;0;5.468238;5.468238;0.005167;0;0.005167;0.005167;5.461891;5.461891;0.005167;0;0.005167;0.005167;9.557997;9.557997;0.005167;0;0.005167;0;3.809476;3.809476;0.005167;0;0.005167;0;4.063182;4.063182;0.005167;0;0.005167;0;5.661362;5.661362;0.005;0;0.005;0.004917;6.822312;6.822312;0.005167;0;0.005167;0;7.253356;7.253356;0.005167;0;0.005167;0;4.574233;4.574233;0.005;0;0.005;0;7.696131;7.696131;0.005;0;0.005;0;3.633583;3.633583;0.005;0;0.005;0.004917;3.386078;3.386078;0.005083;0;0.005083;0;0.520355;0.520355;13.3167;0.0050830462342286;0.0050830462342286;199.77220336817;199.77220336817;176;176;176;176
"2023-01-01 16:00";0.003083;0;0.003083;0;3.936898;3.936898;0.003;0;0.003;0.003083;6.954189;6.954189;0.003;0;0.003;0.003083;1.833295;1.833295;0.003;0;0.003;0.003167;6.56884;6.56884;0.003083;0;0.003083;0;7.586732;7.586732;0.003083;0;0.003083;0;2.585347;2.585347;0.003167;0;0.003167;0;1.675751;1.675751;0.003083;0;0.003083;0.003;4.618827;4.618827;0.003083;0;0.003083;0.003083;2.79514;2.79514;0.002917;0;0.002917;0;3.050125;3.050125;0.003;0;0.003;0.003083;4.243641;4.243641;0.003;0;0.003;0.003167;3.006909;3.006909;0.003083;0;0.003083;0.003;2.39274;2.39274;0.003;0;0.003;0.003167;5.801391;5.801391;0.003083;0;0.003083;0;6.341671;6.341671;0.002917;0;0.002917;0;3.109928;3.109928;0.002917;0;0.002917;0;2.658309;2.658309;0.003;0;0.003;0.003167;1.50576;1.50576;0.003;0;0.003;0.003167;8.657285;8.657285;0.003083;0;0.003083;0;3.374009;3.374009;0.003;0;0.003;0.003167;3.260074;3.260074;0.003;0;0.003;0.003167;5.704942;5.704942;0.002917;0;0.002917;0;2.150511;2.150511;0.002917;0;0.002917;0;2.293209;2.293209;0.003;0;0.003;0;3.28949;3.28949;0.003;0;0.003;0.002917;4.070044;4.070044;0.003;0;0.003;0;4.212107;4.212107;0.003;0;0.003;0;2.656309;2.656309;0.003;0;0.003;0;4.617151;4.617151;0.003;0;0.003;0;2.179901;2.179901;0.003;0;0.003;0.003083;2.077373;2.077373;0.002917;0;0.002917;0;0.298734;0.298734;13.2833;0.0030404303398971;0.0030404303398971;119.50663193436;119.50663193436;118.4;118.4;112;112
"2023-01-01 16:15";0.001083;0;0.001083;0;1.384181;1.384181;0.001083;0;0.001083;0.001083;2.478256;2.478256;0.001083;0;0.001083;0.001083;0.653329;0.653329;0.001083;0;0.001083;0.001167;2.396901;2.396901;0.001083;0;0.001083;0;2.667431;2.667431;0.001083;0;0.001083;0;0.90909;0.90909;0.00125;0;0.00125;0;0.661933;0.661933;0.001167;0;0.001167;0.001083;1.708756;1.708756;0.001083;0;0.001083;0.001167;1.020027;1.020027;0.001083;0;0.001083;0;1.133551;1.133551;0.001083;0;0.001083;0.001083;1.512301;1.512301;0.001167;0;0.001167;0.001333;1.218361;1.218361;0.001167;0;0.001167;0.001083;0.885386;0.885386;0.001083;0;0.001083;0.001333;2.27456;2.27456;0.001083;0;0.001083;0;2.228664;2.228664;0.001083;0;0.001083;0;1.155905;1.155905;0.001083;0;0.001083;0;0.988047;0.988047;0.001167;0;0.001167;0.001167;0.570073;0.570073;0.00125;0;0.00125;0.001333;3.62936;3.62936;0.001083;0;0.001083;0;1.185734;1.185734;0.00125;0;0.00125;0.001333;1.366716;1.366716;0.00125;0;0.00125;0.001333;2.391675;2.391675;0.001167;0;0.001167;0;0.860498;0.860498;0.001083;0;0.001083;0;0.85254;0.85254;0.00125;0;0.00125;0;1.370933;1.370933;0.001083;0;0.001083;0.001083;1.492782;1.492782;0.001333;0;0.001333;0;1.872901;1.872901;0.001167;0;0.001167;0;1.033716;1.033716;0.001083;0;0.001083;0;1.668447;1.668447;0.001083;0;0.001083;0;0.787726;0.787726;0.001083;0;0.001083;0.001083;0.740317;0.740317;0.001083;0;0.001083;0;0.111047;0.111047;13.1333;0.0011495692784812;0.0011495692784812;45.211146183831;45.211146183831;41.6;41.6;48;48
"2023-01-01 16:30";0.000417;0;0.000417;0;0.532863;0.532863;0.000417;0;0.000417;0.000417;0.953828;0.953828;0.000417;0;0.000417;0.000417;0.251453;0.251453;0.000417;0;0.000417;0.000417;0.888924;0.888924;0.000417;0;0.000417;0;1.02687;1.02687;0.000333;0;0.000333;0;0.279847;0.279847;0.000417;0;0.000417;0;0.220795;0.220795;0.000417;0;0.000417;0.000417;0.633191;0.633191;0.000333;0;0.000333;0.000333;0.302402;0.302402;0.000333;0;0.000333;0;0.348785;0.348785;0.000417;0;0.000417;0.000417;0.582052;0.582052;0.000417;0;0.000417;0.000417;0.40681;0.40681;0.000417;0;0.000417;0.000417;0.32798;0.32798;0.000417;0;0.000417;0.000417;0.784696;0.784696;0.000417;0;0.000417;0;0.857375;0.857375;0.00025;0;0.00025;0;0.266838;0.266838;0.00025;0;0.00025;0;0.228089;0.228089;0.000417;0;0.000417;0.000417;0.203714;0.203714;0.000417;0;0.000417;0.000417;1.171542;1.171542;0.000417;0;0.000417;0;0.456156;0.456156;0.000417;0;0.000417;0.000417;0.441153;0.441153;0.000417;0;0.000417;0.000417;0.771993;0.771993;0.000417;0;0.000417;0;0.30753;0.30753;0.000417;0;0.000417;0;0.328087;0.328087;0.000417;0;0.000417;0;0.45703;0.45703;0.000417;0;0.000417;0.000167;0.390575;0.390575;0.000417;0;0.000417;0;0.585549;0.585549;0.000417;0;0.000417;0;0.369226;0.369226;0.000417;0;0.000417;0;0.641783;0.641783;0.000417;0;0.000417;0;0.303006;0.303006;0.000417;0;0.000417;0.000417;0.284932;0.284932;0.000417;0;0.000417;0;0.042696;0.042696;13;0.00039771457141436;0.00039771457141436;15.647767815855;15.647767815855;16;16;12;12
"2023-01-01 16:45";0;0;0;0;0;0;0;0;0;0;0;0;0;0;0;0;0;0;0;0;0;0;0;0;0;0;0;0;0;0;0;0;0;0;0;0;0;0;0;0;0;0;0;0;0;0;0;0;0;0;0;0;0;0;0;0;0;0;0;0;0;0;0;0;0;0;0;0;0;8.3E-5;0.039706;0.039706;0;0;0;0;0;0;0;0;0;8.3E-5;0.078398;0.078398;0;0;0;0;0;0;0;0;0;0;0;0;0;0;0;0;0;0;0;0;0;0;0;0;8.3E-5;0;8.3E-5;0;0.117306;0.117306;0;0;0;0;0;0;8.3E-5;0;8.3E-5;0;0.04412;0.04412;8.3E-5;0;8.3E-5;0;0.077208;0.077208;0;0;0;0;0;0;0;0;0;0;0;0;0;0;0;0;0;0;0;0;0;0;0;0;8.3E-5;0;8.3E-5;0;0.117096;0.117096;0;0;0;0;0;0;0;0;0;0;0;0;0;0;0;0;0;0;0;0;0;0;0;0;0;0;0;0;0;0;12.9333;2.11496924859E-5;2.11496924859E-5;0.47383459587213;0.47383459587213;0;0;0;
"2023-01-01 17:00";0;0;0;0;0;0;0;0;0;0;0;0;0;0;0;0;0;0;0;0;0;0;0;0;0;0;0;0;0;0;0;0;0;0;0;0;0;0;0;0;0;0;0;0;0;0;0;0;0;0;0;0;0;0;0;0;0;0;0;0;0;0;0;0;0;0;0;0;0;0;0;0;0;0;0;0;0;0;0;0;0;0;0;0;0;0;0;0;0;0;0;0;0;0;0;0;0;0;0;0;0;0;0;0;0;0;0;0;0;0;0;0;0;0;0;0;0;0;0;0;0;0;0;0;0;0;0;0;0;0;0;0;0;0;0;0;0;0;0;0;0;0;0;0;0;0;0;0;0;0;0;0;0;0;0;0;0;0;0;0;0;0;0;0;0;0;0;0;0;0;0;0;0;0;0;0;0;0;0;0;0;0;0;0;0;0;0;0;0;0;0;0;13.0167;0;0;0;0;0;0;0;
"2023-01-01 17:15";0;0;0;0;0;0;0;0;0;0;0;0;0;0;0;0;0;0;0;0;0;0;0;0;0;0;0;0;0;0;0;0;0;0;0;0;0;0;0;0;0;0;0;0;0;0;0;0;0;0;0;0;0;0;0;0;0;0;0;0;0;0;0;0;0;0;0;0;0;0;0;0;0;0;0;0;0;0;0;0;0;0;0;0;0;0;0;0;0;0;0;0;0;0;0;0;0;0;0;0;0;0;0;0;0;0;0;0;0;0;0;0;0;0;0;0;0;0;0;0;0;0;0;0;0;0;0;0;0;0;0;0;0;0;0;0;0;0;0;0;0;0;0;0;0;0;0;0;0;0;0;0;0;0;0;0;0;0;0;0;0;0;0;0;0;0;0;0;0;0;0;0;0;0;0;0;0;0;0;0;0;0;0;0;0;0;0;0;0;0;0;0;12.8833;0;0;0;0;0;0;0;
"2023-01-01 17:30";0;0;0;0;0;0;0;0;0;0;0;0;0;0;0;0;0;0;0;0;0;0;0;0;0;0;0;0;0;0;0;0;0;0;0;0;0;0;0;0;0;0;0;0;0;0;0;0;0;0;0;0;0;0;0;0;0;0;0;0;0;0;0;0;0;0;0;0;0;0;0;0;0;0;0;0;0;0;0;0;0;0;0;0;0;0;0;0;0;0;0;0;0;0;0;0;0;0;0;0;0;0;0;0;0;0;0;0;0;0;0;0;0;0;0;0;0;0;0;0;0;0;0;0;0;0;0;0;0;0;0;0;0;0;0;0;0;0;0;0;0;0;0;0;0;0;0;0;0;0;0;0;0;0;0;0;0;0;0;0;0;0;0;0;0;0;0;0;0;0;0;0;0;0;0;0;0;0;0;0;0;0;0;0;0;0;0;0;0;0;0;0;12.7833;0;0;0;0;0;0;0;
"2023-01-01 17:45";0;0;0;0;0;0;0;0;0;0;0;0;0;0;0;0;0;0;0;0;0;0;0;0;0;0;0;0;0;0;0;0;0;0;0;0;0;0;0;0;0;0;0;0;0;0;0;0;0;0;0;0;0;0;0;0;0;0;0;0;0;0;0;0;0;0;0;0;0;0;0;0;0;0;0;0;0;0;0;0;0;0;0;0;0;0;0;0;0;0;0;0;0;0;0;0;0;0;0;0;0;0;0;0;0;0;0;0;0;0;0;0;0;0;0;0;0;0;0;0;0;0;0;0;0;0;0;0;0;0;0;0;0;0;0;0;0;0;0;0;0;0;0;0;0;0;0;0;0;0;0;0;0;0;0;0;0;0;0;0;0;0;0;0;0;0;0;0;0;0;0;0;0;0;0;0;0;0;0;0;0;0;0;0;0;0;0;0;0;0;0;0;12.5833;0;0;0;0;0;0;0;
"2023-01-01 18:00";0;0;0;0;0;0;0;0;0;0;0;0;0;0;0;0;0;0;0;0;0;0;0;0;0;0;0;0;0;0;0;0;0;0;0;0;0;0;0;0;0;0;0;0;0;0;0;0;0;0;0;0;0;0;0;0;0;0;0;0;0;0;0;0;0;0;0;0;0;0;0;0;0;0;0;0;0;0;0;0;0;0;0;0;0;0;0;0;0;0;0;0;0;0;0;0;0;0;0;0;0;0;0;0;0;0;0;0;0;0;0;0;0;0;0;0;0;0;0;0;0;0;0;0;0;0;0;0;0;0;0;0;0;0;0;0;0;0;0;0;0;0;0;0;0;0;0;0;0;0;0;0;0;0;0;0;0;0;0;0;0;0;0;0;0;0;0;0;0;0;0;0;0;0;0;0;0;0;0;0;0;0;0;0;0;0;0;0;0;0;0;0;12.3333;0;0;0;0;0;0;0;
"2023-01-01 18:15";0;0;0;0;0;0;0;0;0;0;0;0;0;0;0;0;0;0;0;0;0;0;0;0;0;0;0;0;0;0;0;0;0;0;0;0;0;0;0;0;0;0;0;0;0;0;0;0;0;0;0;0;0;0;0;0;0;0;0;0;0;0;0;0;0;0;0;0;0;0;0;0;0;0;0;0;0;0;0;0;0;0;0;0;0;0;0;0;0;0;0;0;0;0;0;0;0;0;0;0;0;0;0;0;0;0;0;0;0;0;0;0;0;0;0;0;0;0;0;0;0;0;0;0;0;0;0;0;0;0;0;0;0;0;0;0;0;0;0;0;0;0;0;0;0;0;0;0;0;0;0;0;0;0;0;0;0;0;0;0;0;0;0;0;0;0;0;0;0;0;0;0;0;0;0;0;0;0;0;0;0;0;0;0;0;0;0;0;0;0;0;0;12.05;0;0;0;0;0;0;0;
"2023-01-01 18:30";0;0;0;0;0;0;0;0;0;0;0;0;0;0;0;0;0;0;0;0;0;0;0;0;0;0;0;0;0;0;0;0;0;0;0;0;0;0;0;0;0;0;0;0;0;0;0;0;0;0;0;0;0;0;0;0;0;0;0;0;0;0;0;0;0;0;0;0;0;0;0;0;0;0;0;0;0;0;0;0;0;0;0;0;0;0;0;0;0;0;0;0;0;0;0;0;0;0;0;0;0;0;0;0;0;0;0;0;0;0;0;0;0;0;0;0;0;0;0;0;0;0;0;0;0;0;0;0;0;0;0;0;0;0;0;0;0;0;0;0;0;0;0;0;0;0;0;0;0;0;0;0;0;0;0;0;0;0;0;0;0;0;0;0;0;0;0;0;0;0;0;0;0;0;0;0;0;0;0;0;0;0;0;0;0;0;0;0;0;0;0;0;11.8167;0;0;0;0;0;0;0;
"2023-01-01 18:45";0;0;0;0;0;0;0;0;0;0;0;0;0;0;0;0;0;0;0;0;0;0;0;0;0;0;0;0;0;0;0;0;0;0;0;0;0;0;0;0;0;0;0;0;0;0;0;0;0;0;0;0;0;0;0;0;0;0;0;0;0;0;0;0;0;0;0;0;0;0;0;0;0;0;0;0;0;0;0;0;0;0;0;0;0;0;0;0;0;0;0;0;0;0;0;0;0;0;0;0;0;0;0;0;0;0;0;0;0;0;0;0;0;0;0;0;0;0;0;0;0;0;0;0;0;0;0;0;0;0;0;0;0;0;0;0;0;0;0;0;0;0;0;0;0;0;0;0;0;0;0;0;0;0;0;0;0;0;0;0;0;0;0;0;0;0;0;0;0;0;0;0;0;0;0;0;0;0;0;0;0;0;0;0;0;0;0;0;0;0;0;0;11.6;0;0;0;0;0;0;0;
"2023-01-01 19:00";0;0;0;0;0;0;0;0;0;0;0;0;0;0;0;0;0;0;0;0;0;0;0;0;0;0;0;0;0;0;0;0;0;0;0;0;0;0;0;0;0;0;0;0;0;0;0;0;0;0;0;0;0;0;0;0;0;0;0;0;0;0;0;0;0;0;0;0;0;0;0;0;0;0;0;0;0;0;0;0;0;0;0;0;0;0;0;0;0;0;0;0;0;0;0;0;0;0;0;0;0;0;0;0;0;0;0;0;0;0;0;0;0;0;0;0;0;0;0;0;0;0;0;0;0;0;0;0;0;0;0;0;0;0;0;0;0;0;0;0;0;0;0;0;0;0;0;0;0;0;0;0;0;0;0;0;0;0;0;0;0;0;0;0;0;0;0;0;0;0;0;0;0;0;0;0;0;0;0;0;0;0;0;0;0;0;0;0;0;0;0;0;11.5;0;0;0;0;0;0;0;
"2023-01-01 19:15";0;0;0;0;0;0;0;0;0;0;0;0;0;0;0;0;0;0;0;0;0;0;0;0;0;0;0;0;0;0;0;0;0;0;0;0;0;0;0;0;0;0;0;0;0;0;0;0;0;0;0;0;0;0;0;0;0;0;0;0;0;0;0;0;0;0;0;0;0;0;0;0;0;0;0;0;0;0;0;0;0;0;0;0;0;0;0;0;0;0;0;0;0;0;0;0;0;0;0;0;0;0;0;0;0;0;0;0;0;0;0;0;0;0;0;0;0;0;0;0;0;0;0;0;0;0;0;0;0;0;0;0;0;0;0;0;0;0;0;0;0;0;0;0;0;0;0;0;0;0;0;0;0;0;0;0;0;0;0;0;0;0;0;0;0;0;0;0;0;0;0;0;0;0;0;0;0;0;0;0;0;0;0;0;0;0;0;0;0;0;0;0;11.3833;0;0;0;0;0;0;0;
"2023-01-01 19:30";0;0;0;0;0;0;0;0;0;0;0;0;0;0;0;0;0;0;0;0;0;0;0;0;0;0;0;0;0;0;0;0;0;0;0;0;0;0;0;0;0;0;0;0;0;0;0;0;0;0;0;0;0;0;0;0;0;0;0;0;0;0;0;0;0;0;0;0;0;0;0;0;0;0;0;0;0;0;0;0;0;0;0;0;0;0;0;0;0;0;0;0;0;0;0;0;0;0;0;0;0;0;0;0;0;0;0;0;0;0;0;0;0;0;0;0;0;0;0;0;0;0;0;0;0;0;0;0;0;0;0;0;0;0;0;0;0;0;0;0;0;0;0;0;0;0;0;0;0;0;0;0;0;0;0;0;0;0;0;0;0;0;0;0;0;0;0;0;0;0;0;0;0;0;0;0;0;0;0;0;0;0;0;0;0;0;0;0;0;0;0;0;11.2333;0;0;0;0;0;0;0;
"2023-01-01 19:45";0;0;0;0;0;0;0;0;0;0;0;0;0;0;0;0;0;0;0;0;0;0;0;0;0;0;0;0;0;0;0;0;0;0;0;0;0;0;0;0;0;0;0;0;0;0;0;0;0;0;0;0;0;0;0;0;0;0;0;0;0;0;0;0;0;0;0;0;0;0;0;0;0;0;0;0;0;0;0;0;0;0;0;0;0;0;0;0;0;0;0;0;0;0;0;0;0;0;0;0;0;0;0;0;0;0;0;0;0;0;0;0;0;0;0;0;0;0;0;0;0;0;0;0;0;0;0;0;0;0;0;0;0;0;0;0;0;0;0;0;0;0;0;0;0;0;0;0;0;0;0;0;0;0;0;0;0;0;0;0;0;0;0;0;0;0;0;0;0;0;0;0;0;0;0;0;0;0;0;0;0;0;0;0;0;0;0;0;0;0;0;0;11.15;0;0;0;0;0;0;0;
"2023-01-01 20:00";0;0;0;0;0;0;0;0;0;0;0;0;0;0;0;0;0;0;0;0;0;0;0;0;0;0;0;0;0;0;0;0;0;0;0;0;0;0;0;0;0;0;0;0;0;0;0;0;0;0;0;0;0;0;0;0;0;0;0;0;0;0;0;0;0;0;0;0;0;0;0;0;0;0;0;0;0;0;0;0;0;0;0;0;0;0;0;0;0;0;0;0;0;0;0;0;0;0;0;0;0;0;0;0;0;0;0;0;0;0;0;0;0;0;0;0;0;0;0;0;0;0;0;0;0;0;0;0;0;0;0;0;0;0;0;0;0;0;0;0;0;0;0;0;0;0;0;0;0;0;0;0;0;0;0;0;0;0;0;0;0;0;0;0;0;0;0;0;0;0;0;0;0;0;0;0;0;0;0;0;0;0;0;0;0;0;0;0;0;0;0;0;11.1167;0;0;0;0;0;0;0;
"2023-01-01 20:15";0;0;0;0;0;0;0;0;0;0;0;0;0;0;0;0;0;0;0;0;0;0;0;0;0;0;0;0;0;0;0;0;0;0;0;0;0;0;0;0;0;0;0;0;0;0;0;0;0;0;0;0;0;0;0;0;0;0;0;0;0;0;0;0;0;0;0;0;0;0;0;0;0;0;0;0;0;0;0;0;0;0;0;0;0;0;0;0;0;0;0;0;0;0;0;0;0;0;0;0;0;0;0;0;0;0;0;0;0;0;0;0;0;0;0;0;0;0;0;0;0;0;0;0;0;0;0;0;0;0;0;0;0;0;0;0;0;0;0;0;0;0;0;0;0;0;0;0;0;0;0;0;0;0;0;0;0;0;0;0;0;0;0;0;0;0;0;0;0;0;0;0;0;0;0;0;0;0;0;0;0;0;0;0;0;0;0;0;0;0;0;0;11.1333;0;0;0;0;0;0;0;
"2023-01-01 20:30";0;0;0;0;0;0;0;0;0;0;0;0;0;0;0;0;0;0;0;0;0;0;0;0;0;0;0;0;0;0;0;0;0;0;0;0;0;0;0;0;0;0;0;0;0;0;0;0;0;0;0;0;0;0;0;0;0;0;0;0;0;0;0;0;0;0;0;0;0;0;0;0;0;0;0;0;0;0;0;0;0;0;0;0;0;0;0;0;0;0;0;0;0;0;0;0;0;0;0;0;0;0;0;0;0;0;0;0;0;0;0;0;0;0;0;0;0;0;0;0;0;0;0;0;0;0;0;0;0;0;0;0;0;0;0;0;0;0;0;0;0;0;0;0;0;0;0;0;0;0;0;0;0;0;0;0;0;0;0;0;0;0;0;0;0;0;0;0;0;0;0;0;0;0;0;0;0;0;0;0;0;0;0;0;0;0;0;0;0;0;0;0;11.1;0;0;0;0;0;0;0;
"2023-01-01 20:45";0;0;0;0;0;0;0;0;0;0;0;0;0;0;0;0;0;0;0;0;0;0;0;0;0;0;0;0;0;0;0;0;0;0;0;0;0;0;0;0;0;0;0;0;0;0;0;0;0;0;0;0;0;0;0;0;0;0;0;0;0;0;0;0;0;0;0;0;0;0;0;0;0;0;0;0;0;0;0;0;0;0;0;0;0;0;0;0;0;0;0;0;0;0;0;0;0;0;0;0;0;0;0;0;0;0;0;0;0;0;0;0;0;0;0;0;0;0;0;0;0;0;0;0;0;0;0;0;0;0;0;0;0;0;0;0;0;0;0;0;0;0;0;0;0;0;0;0;0;0;0;0;0;0;0;0;0;0;0;0;0;0;0;0;0;0;0;0;0;0;0;0;0;0;0;0;0;0;0;0;0;0;0;0;0;0;0;0;0;0;0;0;11.1;0;0;0;0;0;0;0;
"2023-01-01 21:00";0;0;0;0;0;0;0;0;0;0;0;0;0;0;0;0;0;0;0;0;0;0;0;0;0;0;0;0;0;0;0;0;0;0;0;0;0;0;0;0;0;0;0;0;0;0;0;0;0;0;0;0;0;0;0;0;0;0;0;0;0;0;0;0;0;0;0;0;0;0;0;0;0;0;0;0;0;0;0;0;0;0;0;0;0;0;0;0;0;0;0;0;0;0;0;0;0;0;0;0;0;0;0;0;0;0;0;0;0;0;0;0;0;0;0;0;0;0;0;0;0;0;0;0;0;0;0;0;0;0;0;0;0;0;0;0;0;0;0;0;0;0;0;0;0;0;0;0;0;0;0;0;0;0;0;0;0;0;0;0;0;0;0;0;0;0;0;0;0;0;0;0;0;0;0;0;0;0;0;0;0;0;0;0;0;0;0;0;0;0;0;0;11.1167;0;0;0;0;0;0;0;
"2023-01-01 21:15";0;0;0;0;0;0;0;0;0;0;0;0;0;0;0;0;0;0;0;0;0;0;0;0;0;0;0;0;0;0;0;0;0;0;0;0;0;0;0;0;0;0;0;0;0;0;0;0;0;0;0;0;0;0;0;0;0;0;0;0;0;0;0;0;0;0;0;0;0;0;0;0;0;0;0;0;0;0;0;0;0;0;0;0;0;0;0;0;0;0;0;0;0;0;0;0;0;0;0;0;0;0;0;0;0;0;0;0;0;0;0;0;0;0;0;0;0;0;0;0;0;0;0;0;0;0;0;0;0;0;0;0;0;0;0;0;0;0;0;0;0;0;0;0;0;0;0;0;0;0;0;0;0;0;0;0;0;0;0;0;0;0;0;0;0;0;0;0;0;0;0;0;0;0;0;0;0;0;0;0;0;0;0;0;0;0;0;0;0;0;0;0;11.1833;0;0;0;0;0;0;0;
"2023-01-01 21:30";0;0;0;0;0;0;0;0;0;0;0;0;0;0;0;0;0;0;0;0;0;0;0;0;0;0;0;0;0;0;0;0;0;0;0;0;0;0;0;0;0;0;0;0;0;0;0;0;0;0;0;0;0;0;0;0;0;0;0;0;0;0;0;0;0;0;0;0;0;0;0;0;0;0;0;0;0;0;0;0;0;0;0;0;0;0;0;0;0;0;0;0;0;0;0;0;0;0;0;0;0;0;0;0;0;0;0;0;0;0;0;0;0;0;0;0;0;0;0;0;0;0;0;0;0;0;0;0;0;0;0;0;0;0;0;0;0;0;0;0;0;0;0;0;0;0;0;0;0;0;0;0;0;0;0;0;0;0;0;0;0;0;0;0;0;0;0;0;0;0;0;0;0;0;0;0;0;0;0;0;0;0;0;0;0;0;0;0;0;0;0;0;11.4833;0;0;0;0;0;0;0;
"2023-01-01 21:45";0;0;0;0;0;0;0;0;0;0;0;0;0;0;0;0;0;0;0;0;0;0;0;0;0;0;0;0;0;0;0;0;0;0;0;0;0;0;0;0;0;0;0;0;0;0;0;0;0;0;0;0;0;0;0;0;0;0;0;0;0;0;0;0;0;0;0;0;0;0;0;0;0;0;0;0;0;0;0;0;0;0;0;0;0;0;0;0;0;0;0;0;0;0;0;0;0;0;0;0;0;0;0;0;0;0;0;0;0;0;0;0;0;0;0;0;0;0;0;0;0;0;0;0;0;0;0;0;0;0;0;0;0;0;0;0;0;0;0;0;0;0;0;0;0;0;0;0;0;0;0;0;0;0;0;0;0;0;0;0;0;0;0;0;0;0;0;0;0;0;0;0;0;0;0;0;0;0;0;0;0;0;0;0;0;0;0;0;0;0;0;0;11.4;0;0;0;0;0;0;0;
"2023-01-01 22:00";0;0;0;0;0;0;0;0;0;0;0;0;0;0;0;0;0;0;0;0;0;0;0;0;0;0;0;0;0;0;0;0;0;0;0;0;0;0;0;0;0;0;0;0;0;0;0;0;0;0;0;0;0;0;0;0;0;0;0;0;0;0;0;0;0;0;0;0;0;0;0;0;0;0;0;0;0;0;0;0;0;0;0;0;0;0;0;0;0;0;0;0;0;0;0;0;0;0;0;0;0;0;0;0;0;0;0;0;0;0;0;0;0;0;0;0;0;0;0;0;0;0;0;0;0;0;0;0;0;0;0;0;0;0;0;0;0;0;0;0;0;0;0;0;0;0;0;0;0;0;0;0;0;0;0;0;0;0;0;0;0;0;0;0;0;0;0;0;0;0;0;0;0;0;0;0;0;0;0;0;0;0;0;0;0;0;0;0;0;0;0;0;11.2833;0;0;0;0;0;0;0;
"2023-01-01 22:15";0;0;0;0;0;0;0;0;0;0;0;0;0;0;0;0;0;0;0;0;0;0;0;0;0;0;0;0;0;0;0;0;0;0;0;0;0;0;0;0;0;0;0;0;0;0;0;0;0;0;0;0;0;0;0;0;0;0;0;0;0;0;0;0;0;0;0;0;0;0;0;0;0;0;0;0;0;0;0;0;0;0;0;0;0;0;0;0;0;0;0;0;0;0;0;0;0;0;0;0;0;0;0;0;0;0;0;0;0;0;0;0;0;0;0;0;0;0;0;0;0;0;0;0;0;0;0;0;0;0;0;0;0;0;0;0;0;0;0;0;0;0;0;0;0;0;0;0;0;0;0;0;0;0;0;0;0;0;0;0;0;0;0;0;0;0;0;0;0;0;0;0;0;0;0;0;0;0;0;0;0;0;0;0;0;0;0;0;0;0;0;0;11.2167;0;0;0;0;0;0;0;
"2023-01-01 22:30";0;0;0;0;0;0;0;0;0;0;0;0;0;0;0;0;0;0;0;0;0;0;0;0;0;0;0;0;0;0;0;0;0;0;0;0;0;0;0;0;0;0;0;0;0;0;0;0;0;0;0;0;0;0;0;0;0;0;0;0;0;0;0;0;0;0;0;0;0;0;0;0;0;0;0;0;0;0;0;0;0;0;0;0;0;0;0;0;0;0;0;0;0;0;0;0;0;0;0;0;0;0;0;0;0;0;0;0;0;0;0;0;0;0;0;0;0;0;0;0;0;0;0;0;0;0;0;0;0;0;0;0;0;0;0;0;0;0;0;0;0;0;0;0;0;0;0;0;0;0;0;0;0;0;0;0;0;0;0;0;0;0;0;0;0;0;0;0;0;0;0;0;0;0;0;0;0;0;0;0;0;0;0;0;0;0;0;0;0;0;0;0;11.2167;0;0;0;0;0;0;0;
"2023-01-01 22:45";0;0;0;0;0;0;0;0;0;0;0;0;0;0;0;0;0;0;0;0;0;0;0;0;0;0;0;0;0;0;0;0;0;0;0;0;0;0;0;0;0;0;0;0;0;0;0;0;0;0;0;0;0;0;0;0;0;0;0;0;0;0;0;0;0;0;0;0;0;0;0;0;0;0;0;0;0;0;0;0;0;0;0;0;0;0;0;0;0;0;0;0;0;0;0;0;0;0;0;0;0;0;0;0;0;0;0;0;0;0;0;0;0;0;0;0;0;0;0;0;0;0;0;0;0;0;0;0;0;0;0;0;0;0;0;0;0;0;0;0;0;0;0;0;0;0;0;0;0;0;0;0;0;0;0;0;0;0;0;0;0;0;0;0;0;0;0;0;0;0;0;0;0;0;0;0;0;0;0;0;0;0;0;0;0;0;0;0;0;0;0;0;11.1333;0;0;0;0;0;0;0;
"2023-01-01 23:00";0;0;0;0;0;0;0;0;0;0;0;0;0;0;0;0;0;0;0;0;0;0;0;0;0;0;0;0;0;0;0;0;0;0;0;0;0;0;0;0;0;0;0;0;0;0;0;0;0;0;0;0;0;0;0;0;0;0;0;0;0;0;0;0;0;0;0;0;0;0;0;0;0;0;0;0;0;0;0;0;0;0;0;0;0;0;0;0;0;0;0;0;0;0;0;0;0;0;0;0;0;0;0;0;0;0;0;0;0;0;0;0;0;0;0;0;0;0;0;0;0;0;0;0;0;0;0;0;0;0;0;0;0;0;0;0;0;0;0;0;0;0;0;0;0;0;0;0;0;0;0;0;0;0;0;0;0;0;0;0;0;0;0;0;0;0;0;0;0;0;0;0;0;0;0;0;0;0;0;0;0;0;0;0;0;0;0;0;0;0;0;0;11.1833;0;0;0;0;0;0;0;
"2023-01-01 23:15";0;0;0;0;0;0;0;0;0;0;0;0;0;0;0;0;0;0;0;0;0;0;0;0;0;0;0;0;0;0;0;0;0;0;0;0;0;0;0;0;0;0;0;0;0;0;0;0;0;0;0;0;0;0;0;0;0;0;0;0;0;0;0;0;0;0;0;0;0;0;0;0;0;0;0;0;0;0;0;0;0;0;0;0;0;0;0;0;0;0;0;0;0;0;0;0;0;0;0;0;0;0;0;0;0;0;0;0;0;0;0;0;0;0;0;0;0;0;0;0;0;0;0;0;0;0;0;0;0;0;0;0;0;0;0;0;0;0;0;0;0;0;0;0;0;0;0;0;0;0;0;0;0;0;0;0;0;0;0;0;0;0;0;0;0;0;0;0;0;0;0;0;0;0;0;0;0;0;0;0;0;0;0;0;0;0;0;0;0;0;0;0;11.3833;0;0;0;0;0;0;0;
"2023-01-01 23:30";0;0;0;0;0;0;0;0;0;0;0;0;0;0;0;0;0;0;0;0;0;0;0;0;0;0;0;0;0;0;0;0;0;0;0;0;0;0;0;0;0;0;0;0;0;0;0;0;0;0;0;0;0;0;0;0;0;0;0;0;0;0;0;0;0;0;0;0;0;0;0;0;0;0;0;0;0;0;0;0;0;0;0;0;0;0;0;0;0;0;0;0;0;0;0;0;0;0;0;0;0;0;0;0;0;0;0;0;0;0;0;0;0;0;0;0;0;0;0;0;0;0;0;0;0;0;0;0;0;0;0;0;0;0;0;0;0;0;0;0;0;0;0;0;0;0;0;0;0;0;0;0;0;0;0;0;0;0;0;0;0;0;0;0;0;0;0;0;0;0;0;0;0;0;0;0;0;0;0;0;0;0;0;0;0;0;0;0;0;0;0;0;11.45;0;0;0;0;0;0;0;
"2023-01-01 23:45";0;0;0;0;0;0;0;0;0;0;0;0;0;0;0;0;0;0;0;0;0;0;0;0;0;0;0;0;0;0;0;0;0;0;0;0;0;0;0;0;0;0;0;0;0;0;0;0;0;0;0;0;0;0;0;0;0;0;0;0;0;0;0;0;0;0;0;0;0;0;0;0;0;0;0;0;0;0;0;0;0;0;0;0;0;0;0;0;0;0;0;0;0;0;0;0;0;0;0;0;0;0;0;0;0;0;0;0;0;0;0;0;0;0;0;0;0;0;0;0;0;0;0;0;0;0;0;0;0;0;0;0;0;0;0;0;0;0;0;0;0;0;0;0;0;0;0;0;0;0;0;0;0;0;0;0;0;0;0;0;0;0;0;0;0;0;0;0;0;0;0;0;0;0;0;0;0;0;0;0;0;0;0;0;0;0;0;0;0;0;0;0;11.5833;0;0;0;0;0;0;0;
"2023-01-02 00:00";0;0;0;0;0;0;0;0;0;0;0;0;0;0;0;0;0;0;0;0;0;0;0;0;0;0;0;0;0;0;0;0;0;0;0;0;0;0;0;0;0;0;0;0;0;0;0;0;0;0;0;0;0;0;0;0;0;0;0;0;0;0;0;0;0;0;0;0;0;0;0;0;0;0;0;0;0;0;0;0;0;0;0;0;0;0;0;0;0;0;0;0;0;0;0;0;0;0;0;0;0;0;0;0;0;0;0;0;0;0;0;0;0;0;0;0;0;0;0;0;0;0;0;0;0;0;0;0;0;0;0;0;0;0;0;0;0;0;0;0;0;0;0;0;0;0;0;0;0;0;0;0;0;0;0;0;0;0;0;0;0;0;0;0;0;0;0;0;0;0;0;0;0;0;0;0;0;0;0;0;0;0;0;0;0;0;0;0;0;0;0;0;11.7;0;0;0;0;0;0;0;
